,season,week,idgame,team,streak
0,2021,18,401326600,Raiders,3
1,2021,18,401326600,Chargers,1
2,2021,18,401326599,Rams,5
3,2021,18,401326599,49ers,1
4,2021,18,401326598,Chiefs,-1
5,2021,18,401326598,Broncos,-3
6,2021,18,401326597,Seahawks,1
7,2021,18,401326597,Cardinals,1
8,2021,18,401326596,Panthers,-6
9,2021,18,401326596,Buccaneers,2
10,2021,18,401326595,Eagles,4
11,2021,18,401326595,Cowboys,-1
12,2021,18,401326594,Washington,-4
13,2021,18,401326594,Giants,-5
14,2021,18,401326593,Vikings,-2
15,2021,18,401326593,Bears,2
16,2021,18,401326592,Patriots,1
17,2021,18,401326592,Dolphins,-1
18,2021,18,401326591,Jaguars,-8
19,2021,18,401326591,Colts,-1
20,2021,18,401326590,Titans,2
21,2021,18,401326590,Texans,-1
22,2021,18,401326589,Packers,5
23,2021,18,401326589,Lions,-2
24,2021,18,401326588,Browns,-3
25,2021,18,401326588,Bengals,3
26,2021,18,401326587,Jets,-1
27,2021,18,401326587,Bills,3
28,2021,18,401326586,Steelers,1
29,2021,18,401326586,Ravens,-5
30,2021,18,401326585,Saints,1
31,2021,18,401326585,Falcons,-1
32,2021,17,401326584,Steelers,-1
33,2021,17,401326584,Browns,-2
34,2021,17,401326583,Vikings,-1
35,2021,17,401326583,Packers,4
36,2021,17,401326582,Seahawks,-2
37,2021,17,401326582,Lions,-1
38,2021,17,401326581,Ravens,-4
39,2021,17,401326581,Rams,4
40,2021,17,401326580,Texans,2
41,2021,17,401326580,49ers,-1
42,2021,17,401326579,Chargers,-2
43,2021,17,401326579,Broncos,-2
44,2021,17,401326578,Washington,-3
45,2021,17,401326578,Eagles,3
46,2021,17,401326577,Titans,1
47,2021,17,401326577,Dolphins,7
48,2021,17,401326576,Jets,1
49,2021,17,401326576,Buccaneers,1
50,2021,17,401326575,Saints,-1
51,2021,17,401326575,Panthers,-5
52,2021,17,401326574,Patriots,-2
53,2021,17,401326574,Jaguars,-7
54,2021,17,401326573,Raiders,2
55,2021,17,401326573,Colts,3
56,2021,17,401326572,Cowboys,4
57,2021,17,401326572,Cardinals,-3
58,2021,17,401326571,Chiefs,8
59,2021,17,401326571,Bengals,2
60,2021,17,401326570,Giants,-4
61,2021,17,401326570,Bears,1
62,2021,17,401326569,Falcons,1
63,2021,17,401326569,Bills,2
64,2021,16,401326568,Saints,2
65,2021,16,401326568,Dolphins,6
66,2021,16,401326567,Washington,-2
67,2021,16,401326567,Cowboys,3
68,2021,16,401326566,Raiders,1
69,2021,16,401326566,Broncos,-1
70,2021,16,401326565,Steelers,1
71,2021,16,401326565,Chiefs,7
72,2021,16,401326564,Seahawks,-1
73,2021,16,401326564,Bears,-3
74,2021,16,401326563,Giants,-3
75,2021,16,401326563,Eagles,2
76,2021,16,401326562,Jets,-3
77,2021,16,401326562,Jaguars,-6
78,2021,16,401326561,Patriots,-1
79,2021,16,401326561,Bills,1
80,2021,16,401326560,Vikings,2
81,2021,16,401326560,Rams,3
82,2021,16,401326559,Texans,1
83,2021,16,401326559,Chargers,-1
84,2021,16,401326558,Ravens,-3
85,2021,16,401326558,Bengals,1
86,2021,16,401326557,Panthers,-4
87,2021,16,401326557,Buccaneers,-1
88,2021,16,401326556,Lions,1
89,2021,16,401326556,Falcons,-1
90,2021,16,401326555,Colts,2
91,2021,16,401326555,Cardinals,-2
92,2021,16,401326554,Packers,3
93,2021,16,401326554,Browns,-1
94,2021,16,401326553,Titans,-1
95,2021,16,401326553,49ers,2
96,2021,15,401326552,Vikings,1
97,2021,15,401326552,Bears,-2
98,2021,15,401326551,Saints,1
99,2021,15,401326551,Buccaneers,4
100,2021,15,401326550,Seahawks,2
101,2021,15,401326550,Rams,2
102,2021,15,401326549,Falcons,1
103,2021,15,401326549,49ers,1
104,2021,15,401326548,Broncos,1
105,2021,15,401326548,Bengals,-2
106,2021,15,401326547,Titans,1
107,2021,15,401326547,Steelers,-1
108,2021,15,401326546,Giants,-2
109,2021,15,401326546,Cowboys,2
110,2021,15,401326545,Texans,-3
111,2021,15,401326545,Jaguars,-5
112,2021,15,401326544,Lions,-1
113,2021,15,401326544,Cardinals,-1
114,2021,15,401326543,Ravens,-2
115,2021,15,401326543,Packers,2
116,2021,15,401326542,Washington,-1
117,2021,15,401326542,Eagles,1
118,2021,15,401326541,Jets,-2
119,2021,15,401326541,Dolphins,5
120,2021,15,401326540,Patriots,7
121,2021,15,401326540,Colts,1
122,2021,15,401326539,Raiders,-2
123,2021,15,401326539,Browns,1
124,2021,15,401326538,Panthers,-3
125,2021,15,401326538,Bills,-2
126,2021,15,401326537,Chiefs,6
127,2021,15,401326537,Chargers,2
128,2021,14,401326536,Rams,1
129,2021,14,401326536,Cardinals,2
130,2021,14,401326535,Packers,1
131,2021,14,401326535,Bears,-1
132,2021,14,401326534,Buccaneers,3
133,2021,14,401326534,Bills,-1
134,2021,14,401326533,Giants,-1
135,2021,14,401326533,Chargers,1
136,2021,14,401326532,Lions,1
137,2021,14,401326532,Broncos,-1
138,2021,14,401326531,Washington,4
139,2021,14,401326531,Cowboys,1
140,2021,14,401326530,Titans,-2
141,2021,14,401326530,Jaguars,-4
142,2021,14,401326529,Saints,-5
143,2021,14,401326529,Jets,-1
144,2021,14,401326528,Raiders,-1
145,2021,14,401326528,Chiefs,5
146,2021,14,401326527,Texans,-2
147,2021,14,401326527,Seahawks,1
148,2021,14,401326526,Ravens,-1
149,2021,14,401326526,Browns,-1
150,2021,14,401326525,Bengals,-1
151,2021,14,401326525,49ers,-1
152,2021,14,401326524,Panthers,-2
153,2021,14,401326524,Falcons,-1
154,2021,14,401326523,Vikings,-2
155,2021,14,401326523,Steelers,1
156,2021,13,401326522,Patriots,6
157,2021,13,401326522,Bills,1
158,2021,13,401326521,Seahawks,-3
159,2021,13,401326521,49ers,3
160,2021,13,401326520,Steelers,-2
161,2021,13,401326520,Ravens,2
162,2021,13,401326519,Rams,-3
163,2021,13,401326519,Jaguars,-3
164,2021,13,401326518,Washington,3
165,2021,13,401326518,Raiders,1
166,2021,13,401326517,Jets,1
167,2021,13,401326517,Eagles,-1
168,2021,13,401326516,Giants,1
169,2021,13,401326516,Dolphins,4
170,2021,13,401326515,Chiefs,4
171,2021,13,401326515,Broncos,1
172,2021,13,401326514,Texans,-1
173,2021,13,401326514,Colts,-1
174,2021,13,401326513,Vikings,-1
175,2021,13,401326513,Lions,-15
176,2021,13,401326512,Chargers,-1
177,2021,13,401326512,Bengals,2
178,2021,13,401326511,Cardinals,1
179,2021,13,401326511,Bears,1
180,2021,13,401326510,Falcons,1
181,2021,13,401326510,Buccaneers,2
182,2021,13,401326509,Saints,-4
183,2021,13,401326509,Cowboys,-2
184,2021,12,401326508,Washington,2
185,2021,12,401326508,Seahawks,-2
186,2021,12,401326507,Ravens,1
187,2021,12,401326507,Browns,1
188,2021,12,401326506,Vikings,2
189,2021,12,401326506,49ers,2
190,2021,12,401326505,Rams,-2
191,2021,12,401326505,Packers,-1
192,2021,12,401326504,Chargers,1
193,2021,12,401326504,Broncos,-1
194,2021,12,401326503,Giants,-1
195,2021,12,401326503,Eagles,2
196,2021,12,401326502,Titans,-1
197,2021,12,401326502,Patriots,5
198,2021,12,401326501,Panthers,-1
199,2021,12,401326501,Dolphins,3
200,2021,12,401326500,Jaguars,-2
201,2021,12,401326500,Falcons,-2
202,2021,12,401326499,Colts,3
203,2021,12,401326499,Buccaneers,1
204,2021,12,401326498,Texans,1
205,2021,12,401326498,Jets,-3
206,2021,12,401326497,Steelers,-1
207,2021,12,401326497,Bengals,1
208,2021,12,401326496,Saints,-3
209,2021,12,401326496,Bills,-1
210,2021,12,401326495,Raiders,-3
211,2021,12,401326495,Cowboys,-1
212,2021,12,401326494,Lions,-14
213,2021,12,401326494,Bears,-5
214,2021,11,401326493,Giants,1
215,2021,11,401326493,Buccaneers,-2
216,2021,11,401326492,Steelers,0
217,2021,11,401326492,Chargers,-1
218,2021,11,401326491,Seahawks,-1
219,2021,11,401326491,Cardinals,-1
220,2021,11,401326490,Cowboys,1
221,2021,11,401326490,Chiefs,3
222,2021,11,401326489,Raiders,-2
223,2021,11,401326489,Bengals,-2
224,2021,11,401326488,Titans,6
225,2021,11,401326488,Texans,-8
226,2021,11,401326487,Saints,-2
227,2021,11,401326487,Eagles,1
228,2021,11,401326486,Jets,-2
229,2021,11,401326486,Dolphins,2
230,2021,11,401326485,Vikings,1
231,2021,11,401326485,Packers,1
232,2021,11,401326484,Jaguars,-1
233,2021,11,401326484,49ers,1
234,2021,11,401326483,Lions,-12
235,2021,11,401326483,Browns,-1
236,2021,11,401326482,Ravens,-1
237,2021,11,401326482,Bears,-4
238,2021,11,401326481,Washington,1
239,2021,11,401326481,Panthers,1
240,2021,11,401326480,Colts,2
241,2021,11,401326480,Bills,1
242,2021,11,401326479,Patriots,4
243,2021,11,401326479,Falcons,-1
244,2021,10,401326478,Rams,-1
245,2021,10,401326478,49ers,-1
246,2021,10,401326477,Raiders,-1
247,2021,10,401326477,Chiefs,2
248,2021,10,401326476,Seahawks,1
249,2021,10,401326476,Packers,-1
250,2021,10,401326475,Eagles,-1
251,2021,10,401326475,Broncos,2
252,2021,10,401326474,Vikings,-2
253,2021,10,401326474,Chargers,1
254,2021,10,401326473,Panthers,-1
255,2021,10,401326473,Cardinals,1
256,2021,10,401326472,Washington,-4
257,2021,10,401326472,Buccaneers,-1
258,2021,10,401326471,Titans,5
259,2021,10,401326471,Saints,-1
260,2021,10,401326470,Steelers,4
261,2021,10,401326470,Lions,-12
262,2021,10,401326469,Jets,-1
263,2021,10,401326469,Bills,-1
264,2021,10,401326468,Patriots,3
265,2021,10,401326468,Browns,1
266,2021,10,401326467,Jaguars,1
267,2021,10,401326467,Colts,1
268,2021,10,401326466,Falcons,1
269,2021,10,401326466,Cowboys,-1
270,2021,10,401326465,Ravens,1
271,2021,10,401326465,Dolphins,1
272,2021,9,401326464,Steelers,3
273,2021,9,401326464,Bears,-3
274,2021,9,401326463,Titans,4
275,2021,9,401326463,Rams,4
276,2021,9,401326462,Cardinals,-1
277,2021,9,401326462,49ers,1
278,2021,9,401326461,Packers,7
279,2021,9,401326461,Chiefs,1
280,2021,9,401326460,Eagles,1
281,2021,9,401326460,Chargers,-2
282,2021,9,401326459,Raiders,2
283,2021,9,401326459,Giants,-1
284,2021,9,401326458,Saints,3
285,2021,9,401326458,Falcons,-1
286,2021,9,401326457,Texans,-7
287,2021,9,401326457,Dolphins,-7
288,2021,9,401326456,Jaguars,-1
289,2021,9,401326456,Bills,1
290,2021,9,401326455,Cowboys,6
291,2021,9,401326455,Broncos,1
292,2021,9,401326454,Browns,-1
293,2021,9,401326454,Bengals,-1
294,2021,9,401326453,Patriots,2
295,2021,9,401326453,Panthers,1
296,2021,9,401326452,Vikings,-1
297,2021,9,401326452,Ravens,-1
298,2021,9,401326451,Jets,1
299,2021,9,401326451,Colts,-1
300,2021,8,401326450,Giants,1
301,2021,8,401326450,Chiefs,-1
302,2021,8,401326449,Vikings,2
303,2021,8,401326449,Cowboys,5
304,2021,8,401326448,Saints,2
305,2021,8,401326448,Buccaneers,4
306,2021,8,401326447,Washington,-3
307,2021,8,401326447,Broncos,-4
308,2021,8,401326446,Seahawks,-3
309,2021,8,401326446,Jaguars,1
310,2021,8,401326445,Patriots,1
311,2021,8,401326445,Chargers,-1
312,2021,8,401326444,Jets,-2
313,2021,8,401326444,Bengals,2
314,2021,8,401326443,Titans,3
315,2021,8,401326443,Colts,2
316,2021,8,401326442,Texans,-6
317,2021,8,401326442,Rams,3
318,2021,8,401326441,Lions,-11
319,2021,8,401326441,Eagles,-2
320,2021,8,401326440,Steelers,2
321,2021,8,401326440,Browns,1
322,2021,8,401326439,Bears,-2
323,2021,8,401326439,49ers,-4
324,2021,8,401326438,Dolphins,-6
325,2021,8,401326438,Bills,-1
326,2021,8,401326437,Panthers,-4
327,2021,8,401326437,Falcons,2
328,2021,8,401326436,Packers,6
329,2021,8,401326436,Cardinals,7
330,2021,7,401326435,Seahawks,-2
331,2021,7,401326435,Saints,1
332,2021,7,401326434,Colts,1
333,2021,7,401326434,49ers,-3
334,2021,7,401326433,Buccaneers,3
335,2021,7,401326433,Bears,-1
336,2021,7,401326432,Texans,-5
337,2021,7,401326432,Cardinals,6
338,2021,7,401326431,Raiders,1
339,2021,7,401326431,Eagles,-1
340,2021,7,401326430,Rams,2
341,2021,7,401326430,Lions,-10
342,2021,7,401326429,Titans,2
343,2021,7,401326429,Chiefs,1
344,2021,7,401326428,Panthers,-3
345,2021,7,401326428,Giants,-2
346,2021,7,401326427,Patriots,-1
347,2021,7,401326427,Jets,-1
348,2021,7,401326426,Falcons,1
349,2021,7,401326426,Dolphins,-5
350,2021,7,401326425,Washington,-2
351,2021,7,401326425,Packers,5
352,2021,7,401326424,Ravens,5
353,2021,7,401326424,Bengals,1
354,2021,7,401326423,Browns,-2
355,2021,7,401326423,Broncos,-3
356,2021,6,401326422,Titans,1
357,2021,6,401326422,Bills,4
358,2021,6,401326421,Steelers,1
359,2021,6,401326421,Seahawks,-1
360,2021,6,401326420,Patriots,1
361,2021,6,401326420,Cowboys,4
362,2021,6,401326419,Raiders,-2
363,2021,6,401326419,Broncos,-2
364,2021,6,401326418,Cardinals,5
365,2021,6,401326418,Browns,-1
366,2021,6,401326417,Washington,-1
367,2021,6,401326417,Chiefs,-1
368,2021,6,401326416,Rams,1
369,2021,6,401326416,Giants,-1
370,2021,6,401326415,Texans,-4
371,2021,6,401326415,Colts,-1
372,2021,6,401326414,Lions,-9
373,2021,6,401326414,Bengals,-1
374,2021,6,401326413,Packers,4
375,2021,6,401326413,Bears,2
376,2021,6,401326412,Vikings,1
377,2021,6,401326412,Panthers,-2
378,2021,6,401326411,Ravens,4
379,2021,6,401326411,Chargers,3
380,2021,6,401326410,Eagles,1
381,2021,6,401326410,Buccaneers,2
382,2021,6,401326325,Jaguars,-20
383,2021,6,401326325,Dolphins,-4
384,2021,5,401326409,Ravens,3
385,2021,5,401326409,Colts,1
386,2021,5,401326408,Chiefs,1
387,2021,5,401326408,Bills,3
388,2021,5,401326407,Giants,1
389,2021,5,401326407,Cowboys,3
390,2021,5,401326406,Cardinals,4
391,2021,5,401326406,49ers,-2
392,2021,5,401326405,Raiders,-1
393,2021,5,401326405,Bears,1
394,2021,5,401326404,Chargers,2
395,2021,5,401326404,Browns,3
396,2021,5,401326403,Washington,1
397,2021,5,401326403,Saints,-1
398,2021,5,401326402,Dolphins,-3
399,2021,5,401326402,Buccaneers,1
400,2021,5,401326401,Steelers,-3
401,2021,5,401326401,Broncos,-1
402,2021,5,401326400,Vikings,-1
403,2021,5,401326400,Lions,-8
404,2021,5,401326399,Titans,-1
405,2021,5,401326399,Jaguars,-19
406,2021,5,401326398,Texans,-3
407,2021,5,401326398,Patriots,-2
408,2021,5,401326397,Packers,3
409,2021,5,401326397,Bengals,2
410,2021,5,401326396,Panthers,-1
411,2021,5,401326396,Eagles,-3
412,2021,5,401326395,Seahawks,1
413,2021,5,401326395,Rams,-1
414,2021,5,401326324,Jets,1
415,2021,5,401326324,Falcons,-1
416,2021,4,401326394,Raiders,4
417,2021,4,401326394,Chargers,1
418,2021,4,401326393,Patriots,-1
419,2021,4,401326393,Buccaneers,-1
420,2021,4,401326392,Steelers,-2
421,2021,4,401326392,Packers,2
422,2021,4,401326391,Ravens,2
423,2021,4,401326391,Broncos,3
424,2021,4,401326390,Seahawks,-2
425,2021,4,401326390,49ers,-1
426,2021,4,401326389,Rams,4
427,2021,4,401326389,Cardinals,3
428,2021,4,401326388,Eagles,-2
429,2021,4,401326388,Chiefs,-2
430,2021,4,401326387,Titans,2
431,2021,4,401326387,Jets,-4
432,2021,4,401326386,Saints,1
433,2021,4,401326386,Giants,-3
434,2021,4,401326385,Vikings,1
435,2021,4,401326385,Browns,2
436,2021,4,401326384,Dolphins,-2
437,2021,4,401326384,Colts,-3
438,2021,4,401326383,Panthers,3
439,2021,4,401326383,Cowboys,2
440,2021,4,401326382,Lions,-7
441,2021,4,401326382,Bears,-1
442,2021,4,401326381,Texans,-2
443,2021,4,401326381,Bills,2
444,2021,4,401326380,Washington,-1
445,2021,4,401326380,Falcons,1
446,2021,4,401326379,Jaguars,-18
447,2021,4,401326379,Bengals,1
448,2021,3,401326378,Eagles,-1
449,2021,3,401326378,Cowboys,1
450,2021,3,401326377,Packers,1
451,2021,3,401326377,49ers,2
452,2021,3,401326376,Vikings,-2
453,2021,3,401326376,Seahawks,-1
454,2021,3,401326375,Rams,3
455,2021,3,401326375,Buccaneers,6
456,2021,3,401326374,Raiders,3
457,2021,3,401326374,Dolphins,-1
458,2021,3,401326373,Jets,-3
459,2021,3,401326373,Broncos,2
460,2021,3,401326372,Titans,1
461,2021,3,401326372,Colts,-2
462,2021,3,401326371,Steelers,-1
463,2021,3,401326371,Bengals,-1
464,2021,3,401326370,Giants,-2
465,2021,3,401326370,Falcons,-7
466,2021,3,401326369,Saints,-1
467,2021,3,401326369,Patriots,1
468,2021,3,401326368,Chiefs,-1
469,2021,3,401326368,Chargers,-1
470,2021,3,401326367,Jaguars,-17
471,2021,3,401326367,Cardinals,2
472,2021,3,401326366,Ravens,1
473,2021,3,401326366,Lions,-6
474,2021,3,401326365,Browns,1
475,2021,3,401326365,Bears,1
476,2021,3,401326364,Washington,1
477,2021,3,401326364,Bills,1
478,2021,3,401326363,Texans,-1
479,2021,3,401326363,Panthers,2
480,2021,2,401326362,Packers,-1
481,2021,2,401326362,Lions,-5
482,2021,2,401326361,Ravens,-1
483,2021,2,401326361,Chiefs,1
484,2021,2,401326360,Titans,-1
485,2021,2,401326360,Seahawks,5
486,2021,2,401326359,Cowboys,-2
487,2021,2,401326359,Chargers,5
488,2021,2,401326358,Falcons,-6
489,2021,2,401326358,Buccaneers,5
490,2021,2,401326357,Vikings,-1
491,2021,2,401326357,Cardinals,1
492,2021,2,401326356,Steelers,1
493,2021,2,401326356,Raiders,2
494,2021,2,401326355,Eagles,1
495,2021,2,401326355,49ers,1
496,2021,2,401326354,Patriots,-1
497,2021,2,401326354,Jets,-2
498,2021,2,401326353,Dolphins,1
499,2021,2,401326353,Bills,-1
500,2021,2,401326132,Jaguars,-16
501,2021,2,401326132,Broncos,1
502,2021,2,401326131,Rams,2
503,2021,2,401326131,Colts,-1
504,2021,2,401326130,Texans,1
505,2021,2,401326130,Browns,-1
506,2021,2,401326129,Bengals,1
507,2021,2,401326129,Bears,-2
508,2021,2,401326128,Saints,3
509,2021,2,401326128,Panthers,1
510,2021,2,401326127,Washington,-1
511,2021,2,401326127,Giants,-1
512,2021,1,401326323,Rams,0
513,2021,1,401326323,Bears,0
514,2021,1,401326322,Cowboys,0
515,2021,1,401326322,Buccaneers,0
516,2021,1,401326321,Ravens,0
517,2021,1,401326321,Raiders,0
518,2021,1,401326320,Giants,0
519,2021,1,401326320,Broncos,0
520,2021,1,401326319,Saints,0
521,2021,1,401326319,Packers,0
522,2021,1,401326318,Seahawks,0
523,2021,1,401326318,Colts,0
524,2021,1,401326317,Lions,0
525,2021,1,401326317,49ers,0
526,2021,1,401326316,Vikings,0
527,2021,1,401326316,Bengals,0
528,2021,1,401326315,Falcons,0
529,2021,1,401326315,Eagles,0
530,2021,1,401326314,Chiefs,0
531,2021,1,401326314,Browns,0
532,2021,1,401326313,Patriots,0
533,2021,1,401326313,Dolphins,0
534,2021,1,401326312,Washington,0
535,2021,1,401326312,Chargers,0
536,2021,1,401326311,Titans,0
537,2021,1,401326311,Cardinals,0
538,2021,1,401326310,Texans,0
539,2021,1,401326310,Jaguars,0
540,2021,1,401326309,Panthers,0
541,2021,1,401326309,Jets,0
542,2021,1,401326308,Steelers,0
543,2021,1,401326308,Bills,0
544,2020,17,401220354,Seahawks,3
545,2020,17,401220354,49ers,1
546,2020,17,401220344,Rams,-2
547,2020,17,401220344,Cardinals,-1
548,2020,17,401220328,Falcons,-4
549,2020,17,401220328,Buccaneers,3
550,2020,17,401220315,Saints,1
551,2020,17,401220315,Panthers,1
552,2020,17,401220284,Vikings,-3
553,2020,17,401220284,Lions,-3
554,2020,17,401220275,Packers,5
555,2020,17,401220275,Bears,3
556,2020,17,401220260,Washington,-2
557,2020,17,401220260,Eagles,-2
558,2020,17,401220250,Giants,-3
559,2020,17,401220250,Cowboys,3
560,2020,17,401220220,Chiefs,10
561,2020,17,401220220,Chargers,3
562,2020,17,401220211,Raiders,-3
563,2020,17,401220211,Broncos,-2
564,2020,17,401220187,Jaguars,-14
565,2020,17,401220187,Colts,-1
566,2020,17,401220180,Titans,-1
567,2020,17,401220180,Texans,-4
568,2020,17,401220164,Steelers,1
569,2020,17,401220164,Browns,-1
570,2020,17,401220154,Ravens,4
571,2020,17,401220154,Bengals,2
572,2020,17,401220132,Patriots,-3
573,2020,17,401220132,Jets,2
574,2020,17,401220114,Dolphins,2
575,2020,17,401220114,Bills,5
576,2020,16,401220362,Seahawks,2
577,2020,16,401220362,Rams,-1
578,2020,16,401220337,Cardinals,2
579,2020,16,401220337,49ers,-3
580,2020,16,401220324,Vikings,-2
581,2020,16,401220324,Saints,-2
582,2020,16,401220296,Titans,2
583,2020,16,401220296,Packers,4
584,2020,16,401220286,Lions,-2
585,2020,16,401220286,Buccaneers,2
586,2020,16,401220273,Washington,-1
587,2020,16,401220273,Panthers,-3
588,2020,16,401220243,Eagles,-1
589,2020,16,401220243,Cowboys,2
590,2020,16,401220234,Chargers,2
591,2020,16,401220234,Broncos,-1
592,2020,16,401220230,Raiders,-2
593,2020,16,401220230,Dolphins,1
594,2020,16,401220223,Falcons,-3
595,2020,16,401220223,Chiefs,9
596,2020,16,401220199,Jaguars,-13
597,2020,16,401220199,Bears,2
598,2020,16,401220182,Texans,-3
599,2020,16,401220182,Bengals,1
600,2020,16,401220174,Steelers,-3
601,2020,16,401220174,Colts,3
602,2020,16,401220152,Ravens,3
603,2020,16,401220152,Giants,-2
604,2020,16,401220145,Jets,1
605,2020,16,401220145,Browns,1
606,2020,16,401220130,Patriots,-2
607,2020,16,401220130,Bills,4
608,2020,15,401220350,Rams,2
609,2020,15,401220350,Jets,-13
610,2020,15,401220339,Eagles,1
611,2020,15,401220339,Cardinals,1
612,2020,15,401220325,Saints,-1
613,2020,15,401220325,Chiefs,8
614,2020,15,401220308,Falcons,-2
615,2020,15,401220308,Buccaneers,1
616,2020,15,401220298,Vikings,-1
617,2020,15,401220298,Bears,1
618,2020,15,401220294,Panthers,-2
619,2020,15,401220294,Packers,3
620,2020,15,401220270,Washington,4
621,2020,15,401220270,Seahawks,1
622,2020,15,401220255,Giants,-1
623,2020,15,401220255,Browns,-1
624,2020,15,401220246,Cowboys,1
625,2020,15,401220246,49ers,-2
626,2020,15,401220228,Raiders,-1
627,2020,15,401220228,Chargers,1
628,2020,15,401220213,Broncos,1
629,2020,15,401220213,Bills,3
630,2020,15,401220208,Titans,1
631,2020,15,401220208,Lions,-1
632,2020,15,401220186,Texans,-2
633,2020,15,401220186,Colts,2
634,2020,15,401220156,Steelers,-2
635,2020,15,401220156,Bengals,-5
636,2020,15,401220149,Ravens,2
637,2020,15,401220149,Jaguars,-12
638,2020,15,401220123,Patriots,-1
639,2020,15,401220123,Dolphins,-1
640,2020,14,401220366,Seahawks,-1
641,2020,14,401220366,Jets,-12
642,2020,14,401220356,Washington,3
643,2020,14,401220356,49ers,-1
644,2020,14,401220349,Rams,1
645,2020,14,401220349,Patriots,2
646,2020,14,401220332,Vikings,2
647,2020,14,401220332,Buccaneers,-2
648,2020,14,401220319,Panthers,-1
649,2020,14,401220319,Broncos,-2
650,2020,14,401220283,Packers,2
651,2020,14,401220283,Lions,1
652,2020,14,401220279,Texans,-1
653,2020,14,401220279,Bears,-6
654,2020,14,401220265,Saints,9
655,2020,14,401220265,Eagles,-4
656,2020,14,401220253,Giants,4
657,2020,14,401220253,Cardinals,-3
658,2020,14,401220239,Falcons,-1
659,2020,14,401220239,Chargers,-2
660,2020,14,401220233,Raiders,1
661,2020,14,401220233,Colts,1
662,2020,14,401220196,Titans,-1
663,2020,14,401220196,Jaguars,-11
664,2020,14,401220162,Ravens,1
665,2020,14,401220162,Browns,4
666,2020,14,401220159,Cowboys,-2
667,2020,14,401220159,Bengals,-4
668,2020,14,401220125,Dolphins,2
669,2020,14,401220125,Chiefs,7
670,2020,14,401220121,Steelers,-1
671,2020,14,401220121,Bills,2
672,2020,13,401220364,Seahawks,2
673,2020,13,401220364,Giants,3
674,2020,13,401220357,Bills,1
675,2020,13,401220357,49ers,1
676,2020,13,401220336,Rams,-1
677,2020,13,401220336,Cardinals,-2
678,2020,13,401220307,Saints,8
679,2020,13,401220307,Falcons,1
680,2020,13,401220303,Vikings,1
681,2020,13,401220303,Jaguars,-10
682,2020,13,401220297,Packers,1
683,2020,13,401220297,Eagles,-3
684,2020,13,401220274,Lions,-2
685,2020,13,401220274,Bears,-5
686,2020,13,401220237,Patriots,1
687,2020,13,401220237,Chargers,-1
688,2020,13,401220218,Chiefs,6
689,2020,13,401220218,Broncos,-1
690,2020,13,401220205,Titans,2
691,2020,13,401220205,Browns,3
692,2020,13,401220178,Texans,2
693,2020,13,401220178,Colts,-1
694,2020,13,401220176,Washington,2
695,2020,13,401220176,Steelers,11
696,2020,13,401220151,Ravens,-3
697,2020,13,401220151,Cowboys,-1
698,2020,13,401220142,Raiders,-2
699,2020,13,401220142,Jets,-11
700,2020,13,401220129,Dolphins,1
701,2020,13,401220129,Bengals,-3
702,2020,12,401220345,Rams,2
703,2020,12,401220345,49ers,-3
704,2020,12,401220333,Chiefs,5
705,2020,12,401220333,Buccaneers,-1
706,2020,12,401220312,Raiders,-1
707,2020,12,401220312,Falcons,-1
708,2020,12,401220302,Vikings,-1
709,2020,12,401220302,Panthers,1
710,2020,12,401220290,Packers,-1
711,2020,12,401220290,Bears,-4
712,2020,12,401220287,Texans,1
713,2020,12,401220287,Lions,-1
714,2020,12,401220262,Seahawks,1
715,2020,12,401220262,Eagles,-2
716,2020,12,401220244,Washington,1
717,2020,12,401220244,Cowboys,1
718,2020,12,401220215,Saints,7
719,2020,12,401220215,Broncos,1
720,2020,12,401220197,Jaguars,-9
721,2020,12,401220197,Browns,2
722,2020,12,401220188,Titans,1
723,2020,12,401220188,Colts,2
724,2020,12,401220170,Steelers,10
725,2020,12,401220170,Ravens,-2
726,2020,12,401220160,Giants,2
727,2020,12,401220160,Bengals,-2
728,2020,12,401220139,Jets,-10
729,2020,12,401220139,Dolphins,-1
730,2020,12,401220135,Patriots,-1
731,2020,12,401220135,Cardinals,-1
732,2020,12,401220118,Chargers,1
733,2020,12,401220118,Bills,-1
734,2020,11,401220360,Seahawks,-2
735,2020,11,401220360,Cardinals,1
736,2020,11,401220335,Rams,1
737,2020,11,401220335,Buccaneers,1
738,2020,11,401220321,Saints,6
739,2020,11,401220321,Falcons,2
740,2020,11,401220318,Panthers,-5
741,2020,11,401220318,Lions,1
742,2020,11,401220305,Vikings,3
743,2020,11,401220305,Cowboys,-4
744,2020,11,401220272,Washington,-2
745,2020,11,401220272,Bengals,-1
746,2020,11,401220238,Jets,-9
747,2020,11,401220238,Chargers,-3
748,2020,11,401220227,Raiders,3
749,2020,11,401220227,Chiefs,4
750,2020,11,401220214,Dolphins,5
751,2020,11,401220214,Broncos,-2
752,2020,11,401220198,Steelers,9
753,2020,11,401220198,Jaguars,-8
754,2020,11,401220191,Packers,2
755,2020,11,401220191,Colts,1
756,2020,11,401220185,Texans,-1
757,2020,11,401220185,Patriots,2
758,2020,11,401220167,Eagles,-1
759,2020,11,401220167,Browns,1
760,2020,11,401220150,Titans,-1
761,2020,11,401220150,Ravens,-1
762,2020,10,401220368,Panthers,-4
763,2020,10,401220368,Buccaneers,-1
764,2020,10,401220346,Seahawks,-1
765,2020,10,401220346,Rams,-1
766,2020,10,401220341,Cardinals,-1
767,2020,10,401220341,Bills,3
768,2020,10,401220327,Saints,5
769,2020,10,401220327,49ers,-2
770,2020,10,401220295,Packers,1
771,2020,10,401220295,Jaguars,-7
772,2020,10,401220289,Washington,-1
773,2020,10,401220289,Lions,-2
774,2020,10,401220276,Vikings,2
775,2020,10,401220276,Bears,-3
776,2020,10,401220251,Giants,1
777,2020,10,401220251,Eagles,2
778,2020,10,401220226,Raiders,2
779,2020,10,401220226,Broncos,-1
780,2020,10,401220203,Titans,1
781,2020,10,401220203,Colts,-1
782,2020,10,401220171,Steelers,8
783,2020,10,401220171,Bengals,1
784,2020,10,401220165,Texans,1
785,2020,10,401220165,Browns,-1
786,2020,10,401220137,Ravens,1
787,2020,10,401220137,Patriots,1
788,2020,10,401220126,Dolphins,4
789,2020,10,401220126,Chargers,-2
790,2020,9,401220359,Packers,-1
791,2020,9,401220359,49ers,-1
792,2020,9,401220342,Dolphins,3
793,2020,9,401220342,Cardinals,3
794,2020,9,401220330,Saints,4
795,2020,9,401220330,Buccaneers,3
796,2020,9,401220311,Falcons,1
797,2020,9,401220311,Broncos,1
798,2020,9,401220299,Vikings,1
799,2020,9,401220299,Lions,-1
800,2020,9,401220267,Washington,1
801,2020,9,401220267,Giants,-2
802,2020,9,401220248,Steelers,7
803,2020,9,401220248,Cowboys,-3
804,2020,9,401220236,Raiders,1
805,2020,9,401220236,Chargers,-1
806,2020,9,401220224,Panthers,-3
807,2020,9,401220224,Chiefs,3
808,2020,9,401220207,Titans,-2
809,2020,9,401220207,Bears,-2
810,2020,9,401220194,Texans,-2
811,2020,9,401220194,Jaguars,-6
812,2020,9,401220189,Ravens,-1
813,2020,9,401220189,Colts,2
814,2020,9,401220140,Patriots,-4
815,2020,9,401220140,Jets,-8
816,2020,9,401220120,Seahawks,1
817,2020,9,401220120,Bills,2
818,2020,8,401220361,Seahawks,-1
819,2020,8,401220361,49ers,2
820,2020,8,401220314,Panthers,-2
821,2020,8,401220314,Falcons,-1
822,2020,8,401220292,Vikings,-2
823,2020,8,401220292,Packers,1
824,2020,8,401220288,Lions,2
825,2020,8,401220288,Colts,1
826,2020,8,401220277,Saints,3
827,2020,8,401220277,Bears,-1
828,2020,8,401220258,Eagles,1
829,2020,8,401220258,Cowboys,-2
830,2020,8,401220257,Giants,-1
831,2020,8,401220257,Buccaneers,2
832,2020,8,401220222,Jets,-7
833,2020,8,401220222,Chiefs,2
834,2020,8,401220212,Chargers,1
835,2020,8,401220212,Broncos,-1
836,2020,8,401220169,Raiders,-1
837,2020,8,401220169,Browns,1
838,2020,8,401220158,Titans,-1
839,2020,8,401220158,Bengals,-3
840,2020,8,401220148,Steelers,6
841,2020,8,401220148,Ravens,3
842,2020,8,401220127,Rams,1
843,2020,8,401220127,Dolphins,2
844,2020,8,401220115,Patriots,-3
845,2020,8,401220115,Bills,1
846,2020,7,401249063,Titans,6
847,2020,7,401249063,Steelers,5
848,2020,7,401220351,Rams,-1
849,2020,7,401220351,Bears,2
850,2020,7,401220338,Seahawks,5
851,2020,7,401220338,Cardinals,2
852,2020,7,401220322,Saints,2
853,2020,7,401220322,Panthers,-1
854,2020,7,401220310,Lions,1
855,2020,7,401220310,Falcons,1
856,2020,7,401220266,Washington,-5
857,2020,7,401220266,Cowboys,-1
858,2020,7,401220259,Giants,1
859,2020,7,401220259,Eagles,-2
860,2020,7,401220241,Jaguars,-5
861,2020,7,401220241,Chargers,-4
862,2020,7,401220232,Raiders,1
863,2020,7,401220232,Buccaneers,1
864,2020,7,401220210,Chiefs,1
865,2020,7,401220210,Broncos,2
866,2020,7,401220183,Texans,-1
867,2020,7,401220183,Packers,-1
868,2020,7,401220155,Browns,-1
869,2020,7,401220155,Bengals,-2
870,2020,7,401220138,Jets,-6
871,2020,7,401220138,Bills,-2
872,2020,7,401220136,Patriots,-2
873,2020,7,401220136,49ers,1
874,2020,6,401220353,Rams,2
875,2020,6,401220353,49ers,-2
876,2020,6,401220331,Packers,9
877,2020,6,401220331,Buccaneers,-1
878,2020,6,401220317,Panthers,3
879,2020,6,401220317,Bears,1
880,2020,6,401220301,Vikings,-1
881,2020,6,401220301,Falcons,-5
882,2020,6,401220263,Ravens,2
883,2020,6,401220263,Eagles,-1
884,2020,6,401220252,Washington,-4
885,2020,6,401220252,Giants,-6
886,2020,6,401220245,Cowboys,1
887,2020,6,401220245,Cardinals,1
888,2020,6,401220202,Titans,5
889,2020,6,401220202,Texans,1
890,2020,6,401220200,Lions,-1
891,2020,6,401220200,Jaguars,-4
892,2020,6,401220190,Colts,-1
893,2020,6,401220190,Bengals,-1
894,2020,6,401220172,Steelers,4
895,2020,6,401220172,Browns,4
896,2020,6,401220133,Patriots,-1
897,2020,6,401220133,Broncos,1
898,2020,6,401220124,Jets,-5
899,2020,6,401220124,Dolphins,1
900,2020,6,401220117,Chiefs,-1
901,2020,6,401220117,Bills,-1
902,2020,5,401220367,Vikings,1
903,2020,5,401220367,Seahawks,4
904,2020,5,401220358,Dolphins,-1
905,2020,5,401220358,49ers,-1
906,2020,5,401220326,Saints,1
907,2020,5,401220326,Chargers,-3
908,2020,5,401220306,Panthers,2
909,2020,5,401220306,Falcons,-4
910,2020,5,401220278,Buccaneers,3
911,2020,5,401220278,Bears,-1
912,2020,5,401220269,Washington,-3
913,2020,5,401220269,Rams,1
914,2020,5,401220242,Giants,-5
915,2020,5,401220242,Cowboys,-2
916,2020,5,401220219,Raiders,-2
917,2020,5,401220219,Chiefs,10
918,2020,5,401220209,Titans,4
919,2020,5,401220209,Bills,4
920,2020,5,401220179,Texans,-5
921,2020,5,401220179,Jaguars,-3
922,2020,5,401220175,Steelers,3
923,2020,5,401220175,Eagles,1
924,2020,5,401220166,Colts,3
925,2020,5,401220166,Browns,3
926,2020,5,401220146,Ravens,1
927,2020,5,401220146,Bengals,2
928,2020,5,401220143,Jets,-4
929,2020,5,401220143,Cardinals,-2
930,2020,4,401220355,Eagles,0
931,2020,4,401220355,49ers,2
932,2020,4,401220348,Rams,-1
933,2020,4,401220348,Giants,-4
934,2020,4,401220334,Chargers,-2
935,2020,4,401220334,Buccaneers,2
936,2020,4,401220320,Panthers,1
937,2020,4,401220320,Cardinals,-1
938,2020,4,401220293,Packers,8
939,2020,4,401220293,Falcons,-3
940,2020,4,401220285,Saints,-2
941,2020,4,401220285,Lions,1
942,2020,4,401220280,Colts,2
943,2020,4,401220280,Bears,4
944,2020,4,401220271,Washington,-2
945,2020,4,401220271,Ravens,-1
946,2020,4,401220247,Cowboys,-1
947,2020,4,401220247,Browns,2
948,2020,4,401220229,Raiders,-1
949,2020,4,401220229,Bills,3
950,2020,4,401220221,Patriots,1
951,2020,4,401220221,Chiefs,9
952,2020,4,401220184,Vikings,-5
953,2020,4,401220184,Texans,-4
954,2020,4,401220157,Jaguars,-2
955,2020,4,401220157,Bengals,-2
956,2020,4,401220141,Jets,-3
957,2020,4,401220141,Broncos,-3
958,2020,4,401220128,Seahawks,3
959,2020,4,401220128,Dolphins,1
960,2020,3,401220363,Seahawks,2
961,2020,3,401220363,Cowboys,1
962,2020,3,401220343,Lions,-11
963,2020,3,401220343,Cardinals,2
964,2020,3,401220323,Saints,-1
965,2020,3,401220323,Packers,7
966,2020,3,401220309,Falcons,-2
967,2020,3,401220309,Bears,3
968,2020,3,401220304,Vikings,-4
969,2020,3,401220304,Titans,3
970,2020,3,401220264,Eagles,-2
971,2020,3,401220264,Bengals,-2
972,2020,3,401220254,Giants,-3
973,2020,3,401220254,49ers,1
974,2020,3,401220240,Panthers,-10
975,2020,3,401220240,Chargers,-1
976,2020,3,401220216,Buccaneers,1
977,2020,3,401220216,Broncos,-2
978,2020,3,401220201,Jaguars,-1
979,2020,3,401220201,Dolphins,-2
980,2020,3,401220193,Jets,-2
981,2020,3,401220193,Colts,1
982,2020,3,401220173,Texans,-3
983,2020,3,401220173,Steelers,2
984,2020,3,401220168,Washington,-1
985,2020,3,401220168,Browns,1
986,2020,3,401220153,Ravens,14
987,2020,3,401220153,Chiefs,8
988,2020,3,401220134,Raiders,2
989,2020,3,401220134,Patriots,-1
990,2020,3,401220119,Rams,3
991,2020,3,401220119,Bills,2
992,2020,2,401220365,Seahawks,1
993,2020,2,401220365,Patriots,1
994,2020,2,401220340,Washington,1
995,2020,2,401220340,Cardinals,1
996,2020,2,401220329,Panthers,-9
997,2020,2,401220329,Buccaneers,-3
998,2020,2,401220291,Packers,6
999,2020,2,401220291,Lions,-10
1000,2020,2,401220281,Giants,-2
1001,2020,2,401220281,Bears,2
1002,2020,2,401220261,Rams,2
1003,2020,2,401220261,Eagles,-1
1004,2020,2,401220249,Falcons,-1
1005,2020,2,401220249,Cowboys,-1
1006,2020,2,401220235,Chiefs,7
1007,2020,2,401220235,Chargers,1
1008,2020,2,401220231,Saints,4
1009,2020,2,401220231,Raiders,1
1010,2020,2,401220204,Titans,2
1011,2020,2,401220204,Jaguars,2
1012,2020,2,401220192,Vikings,-3
1013,2020,2,401220192,Colts,-2
1014,2020,2,401220181,Texans,-2
1015,2020,2,401220181,Ravens,13
1016,2020,2,401220177,Steelers,1
1017,2020,2,401220177,Broncos,-1
1018,2020,2,401220163,Browns,-4
1019,2020,2,401220163,Bengals,-1
1020,2020,2,401220144,Jets,-1
1021,2020,2,401220144,49ers,-1
1022,2020,2,401220122,Dolphins,-1
1023,2020,2,401220122,Bills,1
1024,2020,1,401220370,Raiders,0
1025,2020,1,401220370,Panthers,0
1026,2020,1,401220369,Saints,0
1027,2020,1,401220369,Buccaneers,0
1028,2020,1,401220352,Cardinals,0
1029,2020,1,401220352,49ers,0
1030,2020,1,401220347,Rams,0
1031,2020,1,401220347,Cowboys,0
1032,2020,1,401220313,Seahawks,0
1033,2020,1,401220313,Falcons,0
1034,2020,1,401220300,Vikings,0
1035,2020,1,401220300,Packers,0
1036,2020,1,401220282,Lions,0
1037,2020,1,401220282,Bears,0
1038,2020,1,401220268,Washington,0
1039,2020,1,401220268,Eagles,0
1040,2020,1,401220256,Steelers,0
1041,2020,1,401220256,Giants,0
1042,2020,1,401220225,Texans,0
1043,2020,1,401220225,Chiefs,0
1044,2020,1,401220217,Titans,0
1045,2020,1,401220217,Broncos,0
1046,2020,1,401220195,Jaguars,0
1047,2020,1,401220195,Colts,0
1048,2020,1,401220161,Chargers,0
1049,2020,1,401220161,Bengals,0
1050,2020,1,401220147,Ravens,0
1051,2020,1,401220147,Browns,0
1052,2020,1,401220131,Patriots,0
1053,2020,1,401220131,Dolphins,0
1054,2020,1,401220116,Jets,0
1055,2020,1,401220116,Bills,0
1056,2019,17,401128040,Seahawks,-1
1057,2019,17,401128040,49ers,1
1058,2019,17,401128038,Rams,-2
1059,2019,17,401128038,Cardinals,2
1060,2019,17,401128036,Raiders,1
1061,2019,17,401128036,Broncos,1
1062,2019,17,401128034,Falcons,3
1063,2019,17,401128034,Buccaneers,-1
1064,2019,17,401128033,Giants,2
1065,2019,17,401128033,Eagles,3
1066,2019,17,401127991,Vikings,-1
1067,2019,17,401127991,Bears,-2
1068,2019,17,401127990,Chiefs,5
1069,2019,17,401127990,Chargers,-2
1070,2019,17,401127988,Jaguars,-1
1071,2019,17,401127988,Colts,1
1072,2019,17,401127984,Titans,-2
1073,2019,17,401127984,Texans,2
1074,2019,17,401127983,Packers,4
1075,2019,17,401127983,Lions,-8
1076,2019,17,401127980,Washington,-3
1077,2019,17,401127980,Cowboys,-1
1078,2019,17,401127978,Browns,-2
1079,2019,17,401127978,Bengals,-3
1080,2019,17,401127975,Saints,2
1081,2019,17,401127975,Panthers,-7
1082,2019,17,401127973,Jets,1
1083,2019,17,401127973,Bills,-1
1084,2019,17,401127950,Steelers,-2
1085,2019,17,401127950,Ravens,11
1086,2019,17,401127909,Patriots,2
1087,2019,17,401127909,Dolphins,1
1088,2019,16,401127946,Vikings,2
1089,2019,16,401127946,Packers,3
1090,2019,16,401127943,Chiefs,4
1091,2019,16,401127943,Bears,-1
1092,2019,16,401127941,Seahawks,1
1093,2019,16,401127941,Cardinals,1
1094,2019,16,401127938,Eagles,2
1095,2019,16,401127938,Cowboys,1
1096,2019,16,401127937,Washington,-2
1097,2019,16,401127937,Giants,1
1098,2019,16,401127935,Titans,-1
1099,2019,16,401127935,Saints,1
1100,2019,16,401127933,Steelers,-1
1101,2019,16,401127933,Jets,-1
1102,2019,16,401127910,Dolphins,-2
1103,2019,16,401127910,Bengals,-2
1104,2019,16,401127906,Panthers,-6
1105,2019,16,401127906,Colts,-4
1106,2019,16,401127904,Ravens,10
1107,2019,16,401127904,Browns,-1
1108,2019,16,401127903,Jaguars,1
1109,2019,16,401127903,Falcons,2
1110,2019,16,401127901,Texans,1
1111,2019,16,401127901,Buccaneers,4
1112,2019,16,401127900,Rams,-1
1113,2019,16,401127900,49ers,-1
1114,2019,16,401127898,Patriots,1
1115,2019,16,401127898,Bills,1
1116,2019,16,401127896,Raiders,-4
1117,2019,16,401127896,Chargers,-1
1118,2019,16,401127893,Lions,-7
1119,2019,16,401127893,Broncos,-1
1120,2019,15,401128117,Saints,-1
1121,2019,15,401128117,Colts,-3
1122,2019,15,401128113,Vikings,1
1123,2019,15,401128113,Chargers,1
1124,2019,15,401128108,Falcons,1
1125,2019,15,401128108,49ers,1
1126,2019,15,401128103,Rams,2
1127,2019,15,401128103,Cowboys,-3
1128,2019,15,401128099,Raiders,-3
1129,2019,15,401128099,Jaguars,-5
1130,2019,15,401128094,Cardinals,-6
1131,2019,15,401128094,Browns,1
1132,2019,15,401128071,Washington,-1
1133,2019,15,401128071,Eagles,1
1134,2019,15,401128068,Titans,4
1135,2019,15,401128068,Texans,-1
1136,2019,15,401128065,Steelers,3
1137,2019,15,401128065,Bills,-1
1138,2019,15,401128060,Giants,-9
1139,2019,15,401128060,Dolphins,-1
1140,2019,15,401128056,Chiefs,3
1141,2019,15,401128056,Broncos,2
1142,2019,15,401128031,Packers,2
1143,2019,15,401128031,Bears,3
1144,2019,15,401128028,Lions,-6
1145,2019,15,401128028,Buccaneers,3
1146,2019,15,401128024,Seahawks,-1
1147,2019,15,401128024,Panthers,-5
1148,2019,15,401128020,Ravens,9
1149,2019,15,401128020,Jets,1
1150,2019,15,401127955,Patriots,-2
1151,2019,15,401127955,Bengals,-1
1152,2019,14,401128013,Giants,-8
1153,2019,14,401128013,Eagles,-3
1154,2019,14,401128009,Seahawks,5
1155,2019,14,401128009,Rams,1
1156,2019,14,401128005,Titans,3
1157,2019,14,401128005,Raiders,-2
1158,2019,14,401128002,Steelers,2
1159,2019,14,401128002,Cardinals,-5
1160,2019,14,401127997,Jaguars,-4
1161,2019,14,401127997,Chargers,-3
1162,2019,14,401127994,Colts,-2
1163,2019,14,401127994,Buccaneers,2
1164,2019,14,401127969,Jets,-1
1165,2019,14,401127969,Dolphins,1
1166,2019,14,401127964,Saints,3
1167,2019,14,401127964,49ers,-1
1168,2019,14,401127930,Patriots,-1
1169,2019,14,401127930,Chiefs,2
1170,2019,14,401127926,Vikings,-1
1171,2019,14,401127926,Lions,-5
1172,2019,14,401127920,Texans,2
1173,2019,14,401127920,Broncos,1
1174,2019,14,401127916,Washington,2
1175,2019,14,401127916,Packers,1
1176,2019,14,401127871,Cowboys,-2
1177,2019,14,401127871,Bears,2
1178,2019,14,401127869,Panthers,-4
1179,2019,14,401127869,Falcons,-2
1180,2019,14,401127868,Ravens,8
1181,2019,14,401127868,Bills,3
1182,2019,14,401127867,Browns,-1
1183,2019,14,401127867,Bengals,1
1184,2019,13,401128112,Vikings,2
1185,2019,13,401128112,Seahawks,4
1186,2019,13,401128107,Steelers,1
1187,2019,13,401128107,Browns,3
1188,2019,13,401128104,Chargers,-2
1189,2019,13,401128104,Broncos,-2
1190,2019,13,401128100,Rams,-1
1191,2019,13,401128100,Cardinals,-4
1192,2019,13,401128095,Packers,-1
1193,2019,13,401128095,Giants,-7
1194,2019,13,401128070,Eagles,-2
1195,2019,13,401128070,Dolphins,-2
1196,2019,13,401128067,Raiders,-1
1197,2019,13,401128067,Chiefs,1
1198,2019,13,401128063,Jaguars,-3
1199,2019,13,401128063,Buccaneers,1
1200,2019,13,401128058,Titans,2
1201,2019,13,401128058,Colts,-1
1202,2019,13,401128057,Jets,3
1203,2019,13,401128057,Bengals,-13
1204,2019,13,401128032,Washington,1
1205,2019,13,401128032,Panthers,-3
1206,2019,13,401128027,Ravens,7
1207,2019,13,401128027,49ers,2
1208,2019,13,401128022,Saints,2
1209,2019,13,401128022,Falcons,-1
1210,2019,13,401128017,Cowboys,-1
1211,2019,13,401128017,Bills,2
1212,2019,13,401128015,Lions,-4
1213,2019,13,401128015,Bears,1
1214,2019,13,401127967,Texans,1
1215,2019,13,401127967,Patriots,2
1216,2019,12,401128012,Ravens,6
1217,2019,12,401128012,Rams,1
1218,2019,12,401128008,Seahawks,3
1219,2019,12,401128008,Eagles,-1
1220,2019,12,401128004,Packers,1
1221,2019,12,401128004,49ers,1
1222,2019,12,401128000,Titans,1
1223,2019,12,401128000,Jaguars,-2
1224,2019,12,401127996,Washington,-4
1225,2019,12,401127996,Lions,-3
1226,2019,12,401127957,Patriots,1
1227,2019,12,401127957,Cowboys,1
1228,2019,12,401127924,Raiders,3
1229,2019,12,401127924,Jets,2
1230,2019,12,401127922,Saints,1
1231,2019,12,401127922,Panthers,-2
1232,2019,12,401127919,Dolphins,-1
1233,2019,12,401127919,Browns,2
1234,2019,12,401127918,Steelers,-1
1235,2019,12,401127918,Bengals,-12
1236,2019,12,401127914,Giants,-6
1237,2019,12,401127914,Bears,-1
1238,2019,12,401127872,Broncos,-1
1239,2019,12,401127872,Bills,1
1240,2019,12,401127870,Falcons,2
1241,2019,12,401127870,Buccaneers,-1
1242,2019,12,401127865,Texans,-1
1243,2019,12,401127865,Colts,1
1244,2019,11,401128134,Chiefs,-1
1245,2019,11,401128134,Chargers,-1
1246,2019,11,401128133,Rams,-1
1247,2019,11,401128133,Bears,1
1248,2019,11,401128092,Raiders,2
1249,2019,11,401128092,Bengals,-11
1250,2019,11,401128089,Cardinals,-3
1251,2019,11,401128089,49ers,-1
1252,2019,11,401128086,Washington,-3
1253,2019,11,401128086,Jets,1
1254,2019,11,401128084,Saints,-1
1255,2019,11,401128084,Buccaneers,1
1256,2019,11,401128081,Vikings,1
1257,2019,11,401128081,Broncos,1
1258,2019,11,401128077,Dolphins,2
1259,2019,11,401128077,Bills,-1
1260,2019,11,401128075,Jaguars,-1
1261,2019,11,401128075,Colts,-2
1262,2019,11,401128052,Lions,-2
1263,2019,11,401128052,Cowboys,-1
1264,2019,11,401128049,Panthers,-1
1265,2019,11,401128049,Falcons,1
1266,2019,11,401128047,Texans,2
1267,2019,11,401128047,Ravens,5
1268,2019,11,401128044,Steelers,4
1269,2019,11,401128044,Browns,1
1270,2019,11,401127897,Patriots,-1
1271,2019,11,401127897,Eagles,2
1272,2019,10,401128041,Vikings,-1
1273,2019,10,401128041,Cowboys,2
1274,2019,10,401127992,Seahawks,2
1275,2019,10,401127992,49ers,8
1276,2019,10,401127989,Steelers,3
1277,2019,10,401127989,Rams,2
1278,2019,10,401127986,Dolphins,1
1279,2019,10,401127986,Colts,-1
1280,2019,10,401127981,Titans,-1
1281,2019,10,401127981,Chiefs,1
1282,2019,10,401127976,Cardinals,-2
1283,2019,10,401127976,Buccaneers,-4
1284,2019,10,401127952,Jets,-3
1285,2019,10,401127952,Giants,-5
1286,2019,10,401127948,Saints,6
1287,2019,10,401127948,Falcons,-6
1288,2019,10,401127944,Panthers,1
1289,2019,10,401127944,Packers,-1
1290,2019,10,401127939,Browns,-4
1291,2019,10,401127939,Bills,1
1292,2019,10,401127934,Ravens,4
1293,2019,10,401127934,Bengals,-10
1294,2019,10,401127911,Lions,-1
1295,2019,10,401127911,Bears,-4
1296,2019,10,401127907,Raiders,1
1297,2019,10,401127907,Chargers,2
1298,2019,9,401128091,Giants,-4
1299,2019,9,401128091,Cowboys,1
1300,2019,9,401128090,Packers,4
1301,2019,9,401128090,Chargers,1
1302,2019,9,401128088,Browns,-3
1303,2019,9,401128088,Broncos,-2
1304,2019,9,401128087,Seahawks,1
1305,2019,9,401128087,Buccaneers,-3
1306,2019,9,401128085,Raiders,-2
1307,2019,9,401128085,Lions,1
1308,2019,9,401128083,Steelers,2
1309,2019,9,401128083,Colts,3
1310,2019,9,401128082,Eagles,1
1311,2019,9,401128082,Bears,-3
1312,2019,9,401128080,Jets,-2
1313,2019,9,401128080,Dolphins,-10
1314,2019,9,401128079,Vikings,4
1315,2019,9,401128079,Chiefs,-1
1316,2019,9,401128078,Titans,2
1317,2019,9,401128078,Panthers,-1
1318,2019,9,401128076,Washington,-2
1319,2019,9,401128076,Bills,-1
1320,2019,9,401127936,Texans,1
1321,2019,9,401127936,Jaguars,2
1322,2019,9,401127908,Cardinals,-1
1323,2019,9,401127908,49ers,7
1324,2019,9,401127899,Ravens,3
1325,2019,9,401127899,Patriots,10
1326,2019,8,401128074,Steelers,1
1327,2019,8,401128074,Dolphins,-9
1328,2019,8,401128073,Packers,3
1329,2019,8,401128073,Chiefs,1
1330,2019,8,401128051,Colts,2
1331,2019,8,401128051,Broncos,-1
1332,2019,8,401128050,Panthers,4
1333,2019,8,401128050,49ers,6
1334,2019,8,401128048,Titans,1
1335,2019,8,401128048,Buccaneers,-2
1336,2019,8,401128046,Saints,5
1337,2019,8,401128046,Cardinals,3
1338,2019,8,401128045,Jets,-1
1339,2019,8,401128045,Jaguars,1
1340,2019,8,401128043,Texans,-1
1341,2019,8,401128043,Raiders,-1
1342,2019,8,401128042,Lions,-3
1343,2019,8,401128042,Giants,-3
1344,2019,8,401128039,Chargers,-3
1345,2019,8,401128039,Bears,-2
1346,2019,8,401128037,Eagles,-2
1347,2019,8,401128037,Bills,2
1348,2019,8,401128035,Seahawks,-1
1349,2019,8,401128035,Falcons,-5
1350,2019,8,401127912,Rams,1
1351,2019,8,401127912,Bengals,-9
1352,2019,8,401127905,Washington,-1
1353,2019,8,401127905,Vikings,3
1354,2019,8,401127895,Patriots,9
1355,2019,8,401127895,Browns,-2
1356,2019,7,401127987,Eagles,-1
1357,2019,7,401127987,Cowboys,-3
1358,2019,7,401127985,Seahawks,3
1359,2019,7,401127985,Ravens,2
1360,2019,7,401127982,Saints,4
1361,2019,7,401127982,Bears,-1
1362,2019,7,401127979,Titans,-2
1363,2019,7,401127979,Chargers,-2
1364,2019,7,401127977,Washington,1
1365,2019,7,401127977,49ers,5
1366,2019,7,401127974,Giants,-2
1367,2019,7,401127974,Cardinals,2
1368,2019,7,401127951,Texans,2
1369,2019,7,401127951,Colts,1
1370,2019,7,401127949,Raiders,2
1371,2019,7,401127949,Packers,2
1372,2019,7,401127947,Vikings,2
1373,2019,7,401127947,Lions,-2
1374,2019,7,401127945,Jaguars,-2
1375,2019,7,401127945,Bengals,-8
1376,2019,7,401127942,Dolphins,-8
1377,2019,7,401127942,Bills,1
1378,2019,7,401127940,Rams,-3
1379,2019,7,401127940,Falcons,-4
1380,2019,7,401127902,Chiefs,-2
1381,2019,7,401127902,Broncos,2
1382,2019,7,401127894,Patriots,8
1383,2019,7,401127894,Jets,1
1384,2019,6,401128132,Packers,1
1385,2019,6,401128132,Lions,-1
1386,2019,6,401128131,Steelers,-1
1387,2019,6,401128131,Chargers,-1
1388,2019,6,401128130,Jets,-7
1389,2019,6,401128130,Cowboys,-2
1390,2019,6,401128129,Titans,-1
1391,2019,6,401128129,Broncos,1
1392,2019,6,401128128,Rams,-2
1393,2019,6,401128128,49ers,4
1394,2019,6,401128126,Falcons,-3
1395,2019,6,401128126,Cardinals,1
1396,2019,6,401128123,Vikings,1
1397,2019,6,401128123,Eagles,2
1398,2019,6,401128121,Washington,-5
1399,2019,6,401128121,Dolphins,-7
1400,2019,6,401128119,Texans,1
1401,2019,6,401128119,Chiefs,-1
1402,2019,6,401128116,Saints,3
1403,2019,6,401128116,Jaguars,-1
1404,2019,6,401128111,Seahawks,2
1405,2019,6,401128111,Browns,-1
1406,2019,6,401128105,Ravens,1
1407,2019,6,401128105,Bengals,-7
1408,2019,6,401128096,Panthers,3
1409,2019,6,401128096,Buccaneers,-1
1410,2019,6,401127917,Patriots,7
1411,2019,6,401127917,Giants,-1
1412,2019,5,401128062,Browns,1
1413,2019,5,401128062,49ers,3
1414,2019,5,401128053,Colts,-1
1415,2019,5,401128053,Chiefs,5
1416,2019,5,401128029,Packers,-1
1417,2019,5,401128029,Cowboys,-1
1418,2019,5,401128019,Chargers,1
1419,2019,5,401128019,Broncos,-8
1420,2019,5,401128014,Titans,1
1421,2019,5,401128014,Bills,-1
1422,2019,5,401128011,Steelers,1
1423,2019,5,401128011,Ravens,-2
1424,2019,5,401128006,Jets,-6
1425,2019,5,401128006,Eagles,1
1426,2019,5,401128001,Raiders,1
1427,2019,5,401128001,Bears,3
1428,2019,5,401127971,Vikings,-1
1429,2019,5,401127971,Giants,2
1430,2019,5,401127965,Saints,2
1431,2019,5,401127965,Buccaneers,1
1432,2019,5,401127960,Texans,-1
1433,2019,5,401127960,Falcons,-2
1434,2019,5,401127958,Cardinals,-3
1435,2019,5,401127958,Bengals,-6
1436,2019,5,401127932,Panthers,2
1437,2019,5,401127932,Jaguars,2
1438,2019,5,401127927,Seahawks,1
1439,2019,5,401127927,Rams,-1
1440,2019,5,401127864,Washington,-4
1441,2019,5,401127864,Patriots,6
1442,2019,4,401128109,Steelers,-3
1443,2019,4,401128109,Bengals,-5
1444,2019,4,401128102,Saints,1
1445,2019,4,401128102,Cowboys,5
1446,2019,4,401128097,Jaguars,1
1447,2019,4,401128097,Broncos,-7
1448,2019,4,401128093,Vikings,1
1449,2019,4,401128093,Bears,2
1450,2019,4,401128069,Rams,5
1451,2019,4,401128069,Buccaneers,-1
1452,2019,4,401128064,Seahawks,-1
1453,2019,4,401128064,Cardinals,-2
1454,2019,4,401128059,Washington,-3
1455,2019,4,401128059,Giants,1
1456,2019,4,401128055,Dolphins,-6
1457,2019,4,401128055,Chargers,-2
1458,2019,4,401128030,Raiders,-2
1459,2019,4,401128030,Colts,2
1460,2019,4,401128026,Texans,2
1461,2019,4,401128026,Panthers,1
1462,2019,4,401128023,Lions,4
1463,2019,4,401128023,Chiefs,4
1464,2019,4,401128018,Ravens,-1
1465,2019,4,401128018,Browns,-1
1466,2019,4,401128016,Titans,-2
1467,2019,4,401128016,Falcons,-1
1468,2019,4,401127866,Patriots,5
1469,2019,4,401127866,Bills,4
1470,2019,4,401127863,Packers,3
1471,2019,4,401127863,Eagles,-2
1472,2019,3,401128125,Rams,4
1473,2019,3,401128125,Browns,1
1474,2019,3,401128003,Washington,-2
1475,2019,3,401128003,Bears,1
1476,2019,3,401127998,Steelers,-2
1477,2019,3,401127998,49ers,2
1478,2019,3,401127993,Seahawks,4
1479,2019,3,401127993,Saints,-1
1480,2019,3,401127970,Texans,1
1481,2019,3,401127970,Chargers,-1
1482,2019,3,401127966,Giants,-5
1483,2019,3,401127966,Buccaneers,1
1484,2019,3,401127962,Panthers,-2
1485,2019,3,401127962,Cardinals,-1
1486,2019,3,401127959,Lions,3
1487,2019,3,401127959,Eagles,-1
1488,2019,3,401127956,Vikings,-1
1489,2019,3,401127956,Raiders,-1
1490,2019,3,401127953,Ravens,5
1491,2019,3,401127953,Chiefs,3
1492,2019,3,401127929,Falcons,1
1493,2019,3,401127929,Colts,1
1494,2019,3,401127925,Packers,2
1495,2019,3,401127925,Broncos,-6
1496,2019,3,401127921,Dolphins,-5
1497,2019,3,401127921,Cowboys,4
1498,2019,3,401127915,Bills,3
1499,2019,3,401127915,Bengals,-4
1500,2019,3,401127861,Patriots,4
1501,2019,3,401127861,Jets,-5
1502,2019,3,401127859,Titans,-1
1503,2019,3,401127859,Jaguars,-3
1504,2019,2,401128127,Jets,-4
1505,2019,2,401128127,Browns,-2
1506,2019,2,401128124,Falcons,-1
1507,2019,2,401128124,Eagles,4
1508,2019,2,401128122,Saints,1
1509,2019,2,401128122,Rams,3
1510,2019,2,401128120,Broncos,-5
1511,2019,2,401128120,Bears,-1
1512,2019,2,401128118,Raiders,1
1513,2019,2,401128118,Chiefs,2
1514,2019,2,401128115,Washington,-1
1515,2019,2,401128115,Cowboys,3
1516,2019,2,401128114,Titans,1
1517,2019,2,401128114,Colts,-1
1518,2019,2,401128110,Steelers,-1
1519,2019,2,401128110,Seahawks,3
1520,2019,2,401128106,Giants,-4
1521,2019,2,401128106,Bills,2
1522,2019,2,401128101,Texans,-1
1523,2019,2,401128101,Jaguars,-2
1524,2019,2,401128098,Vikings,1
1525,2019,2,401128098,Packers,1
1526,2019,2,401128072,Lions,1
1527,2019,2,401128072,Chargers,2
1528,2019,2,401128066,Bengals,-3
1529,2019,2,401128066,49ers,1
1530,2019,2,401128061,Ravens,4
1531,2019,2,401128061,Cardinals,0
1532,2019,2,401128054,Panthers,-1
1533,2019,2,401128054,Buccaneers,-5
1534,2019,2,401127862,Patriots,3
1535,2019,2,401127862,Dolphins,-4
1536,2019,1,401128025,Raiders,0
1537,2019,1,401128025,Broncos,0
1538,2019,1,401128021,Texans,0
1539,2019,1,401128021,Saints,0
1540,2019,1,401128010,Buccaneers,0
1541,2019,1,401128010,49ers,0
1542,2019,1,401128007,Giants,0
1543,2019,1,401128007,Cowboys,0
1544,2019,1,401127999,Lions,0
1545,2019,1,401127999,Cardinals,0
1546,2019,1,401127995,Seahawks,0
1547,2019,1,401127995,Bengals,0
1548,2019,1,401127972,Colts,0
1549,2019,1,401127972,Chargers,0
1550,2019,1,401127968,Washington,0
1551,2019,1,401127968,Eagles,0
1552,2019,1,401127963,Jets,0
1553,2019,1,401127963,Bills,0
1554,2019,1,401127961,Vikings,0
1555,2019,1,401127961,Falcons,0
1556,2019,1,401127954,Ravens,0
1557,2019,1,401127954,Dolphins,0
1558,2019,1,401127931,Jaguars,0
1559,2019,1,401127931,Chiefs,0
1560,2019,1,401127928,Titans,0
1561,2019,1,401127928,Browns,0
1562,2019,1,401127923,Rams,0
1563,2019,1,401127923,Panthers,0
1564,2019,1,401127913,Packers,0
1565,2019,1,401127913,Bears,0
1566,2019,1,401127860,Steelers,0
1567,2019,1,401127860,Patriots,0
1568,2018,17,401030856,Seahawks,1
1569,2018,17,401030856,Cardinals,-3
1570,2018,17,401030850,Rams,1
1571,2018,17,401030850,49ers,-1
1572,2018,17,401030824,Chargers,-1
1573,2018,17,401030824,Broncos,-3
1574,2018,17,401030820,Falcons,2
1575,2018,17,401030820,Buccaneers,-3
1576,2018,17,401030818,Steelers,-1
1577,2018,17,401030818,Bengals,-1
1578,2018,17,401030812,Giants,-2
1579,2018,17,401030812,Cowboys,1
1580,2018,17,401030768,Saints,3
1581,2018,17,401030768,Panthers,-7
1582,2018,17,401030765,Patriots,1
1583,2018,17,401030765,Jets,-2
1584,2018,17,401030763,Vikings,2
1585,2018,17,401030763,Bears,3
1586,2018,17,401030760,Raiders,1
1587,2018,17,401030760,Chiefs,-2
1588,2018,17,401030759,Texans,-1
1589,2018,17,401030759,Jaguars,1
1590,2018,17,401030757,Packers,1
1591,2018,17,401030757,Lions,-2
1592,2018,17,401030755,Titans,4
1593,2018,17,401030755,Colts,3
1594,2018,17,401030727,Redskins,-1
1595,2018,17,401030727,Eagles,2
1596,2018,17,401030722,Dolphins,-2
1597,2018,17,401030722,Bills,-1
1598,2018,17,401030719,Ravens,2
1599,2018,17,401030719,Browns,3
1600,2018,16,401030926,Raiders,-1
1601,2018,16,401030926,Broncos,-2
1602,2018,16,401030917,Seahawks,-1
1603,2018,16,401030917,Chiefs,-1
1604,2018,16,401030913,Steelers,1
1605,2018,16,401030913,Saints,2
1606,2018,16,401030907,Rams,-2
1607,2018,16,401030907,Cardinals,-2
1608,2018,16,401030901,Bears,2
1609,2018,16,401030901,49ers,2
1610,2018,16,401030897,Ravens,1
1611,2018,16,401030897,Chargers,4
1612,2018,16,401030895,Panthers,-6
1613,2018,16,401030895,Falcons,1
1614,2018,16,401030892,Patriots,-2
1615,2018,16,401030892,Bills,1
1616,2018,16,401030877,Vikings,1
1617,2018,16,401030877,Lions,-1
1618,2018,16,401030875,Cowboys,-1
1619,2018,16,401030875,Buccaneers,-2
1620,2018,16,401030872,Browns,2
1621,2018,16,401030872,Bengals,1
1622,2018,16,401030870,Packers,-1
1623,2018,16,401030870,Jets,-1
1624,2018,16,401030868,Titans,3
1625,2018,16,401030868,Redskins,1
1626,2018,16,401030866,Jaguars,-2
1627,2018,16,401030866,Dolphins,-1
1628,2018,16,401030864,Texans,1
1629,2018,16,401030864,Eagles,1
1630,2018,16,401030861,Giants,-1
1631,2018,16,401030861,Colts,2
1632,2018,15,401030967,Saints,1
1633,2018,15,401030967,Panthers,-5
1634,2018,15,401030961,Rams,-1
1635,2018,15,401030961,Eagles,-1
1636,2018,15,401030956,Steelers,-3
1637,2018,15,401030956,Patriots,-1
1638,2018,15,401030950,Seahawks,4
1639,2018,15,401030950,49ers,1
1640,2018,15,401030927,Cowboys,5
1641,2018,15,401030927,Colts,1
1642,2018,15,401030924,Redskins,-4
1643,2018,15,401030924,Jaguars,-1
1644,2018,15,401030918,Vikings,-2
1645,2018,15,401030918,Dolphins,2
1646,2018,15,401030915,Titans,2
1647,2018,15,401030915,Giants,2
1648,2018,15,401030909,Raiders,1
1649,2018,15,401030909,Bengals,-7
1650,2018,15,401030900,Falcons,-5
1651,2018,15,401030900,Cardinals,-1
1652,2018,15,401030898,Ravens,-1
1653,2018,15,401030898,Buccaneers,-1
1654,2018,15,401030896,Lions,1
1655,2018,15,401030896,Bills,-2
1656,2018,15,401030893,Packers,1
1657,2018,15,401030893,Bears,1
1658,2018,15,401030891,Texans,-1
1659,2018,15,401030891,Jets,1
1660,2018,15,401030876,Browns,1
1661,2018,15,401030876,Broncos,-1
1662,2018,15,401030874,Chiefs,2
1663,2018,15,401030874,Chargers,3
1664,2018,14,401030867,Vikings,-1
1665,2018,14,401030867,Seahawks,3
1666,2018,14,401030863,Steelers,-2
1667,2018,14,401030863,Raiders,-2
1668,2018,14,401030860,Lions,-2
1669,2018,14,401030860,Cardinals,1
1670,2018,14,401030854,Eagles,2
1671,2018,14,401030854,Cowboys,4
1672,2018,14,401030851,Chargers,2
1673,2018,14,401030851,Bengals,-6
1674,2018,14,401030827,Broncos,3
1675,2018,14,401030827,49ers,-3
1676,2018,14,401030825,Packers,-3
1677,2018,14,401030825,Falcons,-4
1678,2018,14,401030823,Panthers,-4
1679,2018,14,401030823,Browns,-1
1680,2018,14,401030817,Rams,3
1681,2018,14,401030817,Bears,-1
1682,2018,14,401030813,Texans,8
1683,2018,14,401030813,Colts,-1
1684,2018,14,401030764,Ravens,3
1685,2018,14,401030764,Chiefs,1
1686,2018,14,401030761,Patriots,2
1687,2018,14,401030761,Dolphins,1
1688,2018,14,401030758,Saints,-1
1689,2018,14,401030758,Buccaneers,2
1690,2018,14,401030753,Redskins,-3
1691,2018,14,401030753,Giants,1
1692,2018,14,401030750,Jets,-5
1693,2018,14,401030750,Bills,-1
1694,2018,14,401030724,Titans,1
1695,2018,14,401030724,Jaguars,1
1696,2018,13,401030968,Panthers,-3
1697,2018,13,401030968,Buccaneers,1
1698,2018,13,401030965,Packers,-2
1699,2018,13,401030965,Cardinals,-5
1700,2018,13,401030964,Texans,7
1701,2018,13,401030964,Browns,2
1702,2018,13,401030962,Jaguars,-6
1703,2018,13,401030962,Colts,4
1704,2018,13,401030960,Titans,-2
1705,2018,13,401030960,Jets,-4
1706,2018,13,401030959,Vikings,1
1707,2018,13,401030959,Patriots,1
1708,2018,13,401030958,Seahawks,2
1709,2018,13,401030958,49ers,-2
1710,2018,13,401030957,Rams,2
1711,2018,13,401030957,Lions,-1
1712,2018,13,401030955,Broncos,2
1713,2018,13,401030955,Bengals,-5
1714,2018,13,401030954,Dolphins,-2
1715,2018,13,401030954,Bills,2
1716,2018,13,401030953,Giants,-1
1717,2018,13,401030953,Bears,4
1718,2018,13,401030951,Steelers,-1
1719,2018,13,401030951,Chargers,1
1720,2018,13,401030935,Raiders,-1
1721,2018,13,401030935,Chiefs,-1
1722,2018,13,401030928,Ravens,2
1723,2018,13,401030928,Falcons,-3
1724,2018,13,401030899,Saints,9
1725,2018,13,401030899,Cowboys,3
1726,2018,13,401030871,Redskins,-2
1727,2018,13,401030871,Eagles,1
1728,2018,12,401030925,Redskins,-1
1729,2018,12,401030925,Cowboys,2
1730,2018,12,401030923,Saints,8
1731,2018,12,401030923,Falcons,-2
1732,2018,12,401030921,Browns,1
1733,2018,12,401030921,Bengals,-4
1734,2018,12,401030920,Seahawks,1
1735,2018,12,401030920,Panthers,-2
1736,2018,12,401030919,Jaguars,-5
1737,2018,12,401030919,Bills,1
1738,2018,12,401030916,Ravens,1
1739,2018,12,401030916,Raiders,1
1740,2018,12,401030914,Giants,2
1741,2018,12,401030914,Eagles,-3
1742,2018,12,401030912,Chargers,-1
1743,2018,12,401030912,Cardinals,-4
1744,2018,12,401030911,Steelers,5
1745,2018,12,401030911,Broncos,1
1746,2018,12,401030908,Vikings,-1
1747,2018,12,401030908,Packers,-1
1748,2018,12,401030906,Dolphins,-1
1749,2018,12,401030906,Colts,3
1750,2018,12,401030905,Lions,1
1751,2018,12,401030905,Bears,3
1752,2018,12,401030904,Patriots,-1
1753,2018,12,401030904,Jets,-3
1754,2018,12,401030902,Buccaneers,-3
1755,2018,12,401030902,49ers,-1
1756,2018,12,401030762,Titans,-1
1757,2018,12,401030762,Texans,6
1758,2018,11,401030972,Rams,1
1759,2018,11,401030972,Chiefs,3
1760,2018,11,401030971,Steelers,4
1761,2018,11,401030971,Jaguars,-4
1762,2018,11,401030970,Raiders,-4
1763,2018,11,401030970,Cardinals,-3
1764,2018,11,401030969,Chargers,6
1765,2018,11,401030969,Broncos,-1
1766,2018,11,401030966,Texans,5
1767,2018,11,401030966,Redskins,1
1768,2018,11,401030963,Saints,7
1769,2018,11,401030963,Eagles,-2
1770,2018,11,401030952,Giants,1
1771,2018,11,401030952,Buccaneers,-2
1772,2018,11,401030929,Falcons,-1
1773,2018,11,401030929,Cowboys,1
1774,2018,11,401030922,Titans,2
1775,2018,11,401030922,Colts,2
1776,2018,11,401030910,Panthers,-1
1777,2018,11,401030910,Lions,-2
1778,2018,11,401030903,Vikings,4
1779,2018,11,401030903,Bears,2
1780,2018,11,401030894,Ravens,-2
1781,2018,11,401030894,Bengals,-3
1782,2018,11,401030878,Seahawks,-2
1783,2018,11,401030878,Packers,1
1784,2018,10,401030873,Giants,-4
1785,2018,10,401030873,49ers,1
1786,2018,10,401030869,Eagles,-1
1787,2018,10,401030869,Cowboys,-2
1788,2018,10,401030865,Seahawks,-1
1789,2018,10,401030865,Rams,-1
1790,2018,10,401030859,Raiders,-3
1791,2018,10,401030859,Chargers,5
1792,2018,10,401030853,Jets,-2
1793,2018,10,401030853,Bills,-3
1794,2018,10,401030828,Redskins,-1
1795,2018,10,401030828,Buccaneers,-1
1796,2018,10,401030821,Titans,1
1797,2018,10,401030821,Patriots,5
1798,2018,10,401030815,Chiefs,2
1799,2018,10,401030815,Cardinals,-2
1800,2018,10,401030810,Lions,-1
1801,2018,10,401030810,Bears,1
1802,2018,10,401030766,Jaguars,-3
1803,2018,10,401030766,Colts,1
1804,2018,10,401030756,Packers,-1
1805,2018,10,401030756,Dolphins,1
1806,2018,10,401030754,Falcons,3
1807,2018,10,401030754,Browns,-3
1808,2018,10,401030752,Saints,6
1809,2018,10,401030752,Bengals,-2
1810,2018,10,401030729,Steelers,3
1811,2018,10,401030729,Panthers,2
1812,2018,9,401030862,Titans,-3
1813,2018,9,401030862,Cowboys,-1
1814,2018,9,401030858,Patriots,4
1815,2018,9,401030858,Packers,1
1816,2018,9,401030855,Saints,5
1817,2018,9,401030855,Rams,7
1818,2018,9,401030852,Seahawks,1
1819,2018,9,401030852,Chargers,4
1820,2018,9,401030829,Texans,4
1821,2018,9,401030829,Broncos,1
1822,2018,9,401030826,Redskins,2
1823,2018,9,401030826,Falcons,2
1824,2018,9,401030822,Vikings,3
1825,2018,9,401030822,Lions,2
1826,2018,9,401030819,Steelers,2
1827,2018,9,401030819,Ravens,-1
1828,2018,9,401030816,Jets,-1
1829,2018,9,401030816,Dolphins,-1
1830,2018,9,401030814,Chiefs,1
1831,2018,9,401030814,Browns,-2
1832,2018,9,401030811,Panthers,1
1833,2018,9,401030811,Buccaneers,1
1834,2018,9,401030769,Bills,-2
1835,2018,9,401030769,Bears,-2
1836,2018,9,401030767,Raiders,-2
1837,2018,9,401030767,49ers,-5
1838,2018,7,401030838,Rams,6
1839,2018,7,401030838,49ers,-4
1840,2018,7,401030837,Redskins,1
1841,2018,7,401030837,Cowboys,1
1842,2018,7,401030836,Saints,4
1843,2018,7,401030836,Ravens,1
1844,2018,7,401030835,Texans,3
1845,2018,7,401030835,Jaguars,-2
1846,2018,7,401030833,Colts,-4
1847,2018,7,401030833,Bills,-1
1848,2018,7,401030832,Patriots,3
1849,2018,7,401030832,Bears,-1
1850,2018,7,401030830,Lions,1
1851,2018,7,401030830,Dolphins,1
1852,2018,7,401030809,Vikings,2
1853,2018,7,401030809,Jets,2
1854,2018,7,401030807,Panthers,-1
1855,2018,7,401030807,Eagles,1
1856,2018,7,401030806,Buccaneers,-3
1857,2018,7,401030806,Browns,-1
1858,2018,7,401030804,Chiefs,-1
1859,2018,7,401030804,Bengals,-1
1860,2018,7,401030800,Cardinals,-1
1861,2018,7,401030800,Broncos,-4
1862,2018,7,401030796,Giants,-3
1863,2018,7,401030796,Falcons,1
1864,2018,7,401030792,Titans,-2
1865,2018,7,401030792,Chargers,3
1866,2018,6,401030783,Packers,-1
1867,2018,6,401030783,49ers,-3
1868,2018,6,401030779,Patriots,2
1869,2018,6,401030779,Chiefs,9
1870,2018,6,401030776,Jaguars,-1
1871,2018,6,401030776,Cowboys,-1
1872,2018,6,401030774,Titans,-1
1873,2018,6,401030774,Ravens,-1
1874,2018,6,401030773,Rams,5
1875,2018,6,401030773,Broncos,-3
1876,2018,6,401030771,Dolphins,-2
1877,2018,6,401030771,Bears,3
1878,2018,6,401030748,Texans,2
1879,2018,6,401030748,Bills,1
1880,2018,6,401030746,Chargers,2
1881,2018,6,401030746,Browns,1
1882,2018,6,401030743,Steelers,1
1883,2018,6,401030743,Bengals,2
1884,2018,6,401030742,Vikings,1
1885,2018,6,401030742,Cardinals,1
1886,2018,6,401030737,Jets,1
1887,2018,6,401030737,Colts,-3
1888,2018,6,401030706,Seahawks,-1
1889,2018,6,401030706,Raiders,-1
1890,2018,6,401030701,Redskins,-1
1891,2018,6,401030701,Panthers,2
1892,2018,6,401030695,Falcons,-3
1893,2018,6,401030695,Buccaneers,-2
1894,2018,6,401030692,Giants,-2
1895,2018,6,401030692,Eagles,-2
1896,2018,5,401030834,Saints,3
1897,2018,5,401030834,Redskins,1
1898,2018,5,401030831,Texans,1
1899,2018,5,401030831,Cowboys,1
1900,2018,5,401030808,Seahawks,2
1901,2018,5,401030808,Rams,4
1902,2018,5,401030803,Vikings,-3
1903,2018,5,401030803,Eagles,-1
1904,2018,5,401030797,Cardinals,-4
1905,2018,5,401030797,49ers,-2
1906,2018,5,401030793,Raiders,1
1907,2018,5,401030793,Chargers,1
1908,2018,5,401030785,Dolphins,-1
1909,2018,5,401030785,Bengals,1
1910,2018,5,401030778,Panthers,1
1911,2018,5,401030778,Giants,-1
1912,2018,5,401030770,Ravens,2
1913,2018,5,401030770,Browns,-1
1914,2018,5,401030745,Packers,1
1915,2018,5,401030745,Lions,-1
1916,2018,5,401030741,Jaguars,1
1917,2018,5,401030741,Chiefs,8
1918,2018,5,401030734,Jets,-3
1919,2018,5,401030734,Broncos,-2
1920,2018,5,401030709,Steelers,-1
1921,2018,5,401030709,Falcons,-2
1922,2018,5,401030702,Titans,3
1923,2018,5,401030702,Bills,-1
1924,2018,5,401030697,Patriots,1
1925,2018,5,401030697,Colts,-2
1926,2018,4,401030934,Chiefs,7
1927,2018,4,401030934,Broncos,-1
1928,2018,4,401030933,Steelers,1
1929,2018,4,401030933,Ravens,1
1930,2018,4,401030932,Chargers,-1
1931,2018,4,401030932,49ers,-1
1932,2018,4,401030931,Saints,2
1933,2018,4,401030931,Giants,1
1934,2018,4,401030930,Raiders,-7
1935,2018,4,401030930,Browns,1
1936,2018,4,401030848,Seahawks,1
1937,2018,4,401030848,Cardinals,-3
1938,2018,4,401030847,Falcons,-1
1939,2018,4,401030847,Bengals,-1
1940,2018,4,401030846,Buccaneers,-1
1941,2018,4,401030846,Bears,2
1942,2018,4,401030845,Lions,1
1943,2018,4,401030845,Cowboys,-1
1944,2018,4,401030844,Packers,-1
1945,2018,4,401030844,Bills,1
1946,2018,4,401030843,Texans,-9
1947,2018,4,401030843,Colts,-1
1948,2018,4,401030842,Titans,2
1949,2018,4,401030842,Eagles,1
1950,2018,4,401030841,Patriots,-2
1951,2018,4,401030841,Dolphins,3
1952,2018,4,401030840,Jets,-2
1953,2018,4,401030840,Jaguars,-1
1954,2018,4,401030839,Vikings,-2
1955,2018,4,401030839,Rams,3
1956,2018,3,401030805,Steelers,-2
1957,2018,3,401030805,Buccaneers,3
1958,2018,3,401030802,Patriots,-1
1959,2018,3,401030802,Lions,-2
1960,2018,3,401030801,Cardinals,-2
1961,2018,3,401030801,Bears,1
1962,2018,3,401030799,Seahawks,-3
1963,2018,3,401030799,Cowboys,1
1964,2018,3,401030798,Rams,2
1965,2018,3,401030798,Chargers,1
1966,2018,3,401030795,Chiefs,6
1967,2018,3,401030795,49ers,1
1968,2018,3,401030794,Titans,1
1969,2018,3,401030794,Jaguars,2
1970,2018,3,401030791,Texans,-8
1971,2018,3,401030791,Giants,-2
1972,2018,3,401030790,Panthers,-1
1973,2018,3,401030790,Bengals,4
1974,2018,3,401030788,Ravens,-1
1975,2018,3,401030788,Broncos,2
1976,2018,3,401030787,Raiders,-6
1977,2018,3,401030787,Dolphins,2
1978,2018,3,401030784,Vikings,4
1979,2018,3,401030784,Bills,-2
1980,2018,3,401030782,Eagles,-1
1981,2018,3,401030782,Colts,1
1982,2018,3,401030781,Redskins,-1
1983,2018,3,401030781,Packers,0
1984,2018,3,401030777,Saints,1
1985,2018,3,401030777,Falcons,1
1986,2018,3,401030775,Jets,-1
1987,2018,3,401030775,Browns,-1
1988,2018,2,401030739,Seahawks,-2
1989,2018,2,401030739,Bears,-2
1990,2018,2,401030738,Giants,-1
1991,2018,2,401030738,Cowboys,-1
1992,2018,2,401030736,Raiders,-5
1993,2018,2,401030736,Broncos,1
1994,2018,2,401030733,Patriots,4
1995,2018,2,401030733,Jaguars,1
1996,2018,2,401030732,Rams,1
1997,2018,2,401030732,Cardinals,-1
1998,2018,2,401030730,Lions,-1
1999,2018,2,401030730,49ers,-1
2000,2018,2,401030708,Saints,-2
2001,2018,2,401030708,Browns,0
2002,2018,2,401030705,Vikings,4
2003,2018,2,401030705,Packers,1
2004,2018,2,401030704,Chargers,-1
2005,2018,2,401030704,Bills,-1
2006,2018,2,401030700,Jets,1
2007,2018,2,401030700,Dolphins,1
2008,2018,2,401030698,Steelers,2
2009,2018,2,401030698,Chiefs,5
2010,2018,2,401030696,Eagles,1
2011,2018,2,401030696,Buccaneers,2
2012,2018,2,401030694,Titans,-1
2013,2018,2,401030694,Texans,-7
2014,2018,2,401030693,Redskins,1
2015,2018,2,401030693,Colts,-1
2016,2018,2,401030691,Panthers,1
2017,2018,2,401030691,Falcons,-1
2018,2018,2,401030690,Ravens,1
2019,2018,2,401030690,Bengals,3
2020,2018,1,401030751,Rams,0
2021,2018,1,401030751,Raiders,0
2022,2018,1,401030728,Lions,0
2023,2018,1,401030728,Jets,0
2024,2018,1,401030726,Packers,0
2025,2018,1,401030726,Bears,0
2026,2018,1,401030725,Redskins,0
2027,2018,1,401030725,Cardinals,0
2028,2018,1,401030723,Panthers,0
2029,2018,1,401030723,Cowboys,0
2030,2018,1,401030721,Seahawks,0
2031,2018,1,401030721,Broncos,0
2032,2018,1,401030720,Chiefs,0
2033,2018,1,401030720,Chargers,0
2034,2018,1,401030718,Steelers,0
2035,2018,1,401030718,Browns,0
2036,2018,1,401030717,Colts,0
2037,2018,1,401030717,Bengals,0
2038,2018,1,401030716,Titans,0
2039,2018,1,401030716,Dolphins,0
2040,2018,1,401030715,Vikings,0
2041,2018,1,401030715,49ers,0
2042,2018,1,401030714,Texans,0
2043,2018,1,401030714,Patriots,0
2044,2018,1,401030713,Saints,0
2045,2018,1,401030713,Buccaneers,0
2046,2018,1,401030712,Jaguars,0
2047,2018,1,401030712,Giants,0
2048,2018,1,401030711,Ravens,0
2049,2018,1,401030711,Bills,0
2050,2018,1,401030710,Falcons,0
2051,2018,1,401030710,Eagles,0
2052,2017,17,400951793,Seahawks,1
2053,2017,17,400951793,Cardinals,1
2054,2017,17,400951792,Rams,2
2055,2017,17,400951792,49ers,4
2056,2017,17,400951791,Raiders,-3
2057,2017,17,400951791,Chargers,1
2058,2017,17,400951789,Chiefs,3
2059,2017,17,400951789,Broncos,-1
2060,2017,17,400951788,Titans,-3
2061,2017,17,400951788,Jaguars,-1
2062,2017,17,400951764,Saints,2
2063,2017,17,400951764,Buccaneers,-5
2064,2017,17,400951762,Steelers,1
2065,2017,17,400951762,Browns,-15
2066,2017,17,400951759,Eagles,3
2067,2017,17,400951759,Cowboys,-1
2068,2017,17,400951757,Redskins,2
2069,2017,17,400951757,Giants,-5
2070,2017,17,400951756,Patriots,2
2071,2017,17,400951756,Jets,-3
2072,2017,17,400951750,Vikings,2
2073,2017,17,400951750,Bears,1
2074,2017,17,400951748,Dolphins,-2
2075,2017,17,400951748,Bills,-1
2076,2017,17,400951745,Texans,-5
2077,2017,17,400951745,Colts,-6
2078,2017,17,400951741,Packers,-2
2079,2017,17,400951741,Lions,-1
2080,2017,17,400951739,Ravens,2
2081,2017,17,400951739,Bengals,1
2082,2017,17,400951734,Panthers,3
2083,2017,17,400951734,Falcons,-1
2084,2017,16,400951719,Raiders,-2
2085,2017,16,400951719,Eagles,2
2086,2017,16,400951714,Texans,-4
2087,2017,16,400951714,Steelers,-1
2088,2017,16,400951709,Seahawks,-2
2089,2017,16,400951709,Cowboys,3
2090,2017,16,400951682,Giants,-4
2091,2017,16,400951682,Cardinals,-1
2092,2017,16,400951675,Jaguars,3
2093,2017,16,400951675,49ers,3
2094,2017,16,400951671,Redskins,1
2095,2017,16,400951671,Broncos,2
2096,2017,16,400951667,Titans,-2
2097,2017,16,400951667,Rams,1
2098,2017,16,400951642,Jets,-2
2099,2017,16,400951642,Chargers,-1
2100,2017,16,400951637,Saints,1
2101,2017,16,400951637,Falcons,2
2102,2017,16,400951631,Patriots,1
2103,2017,16,400951631,Bills,2
2104,2017,16,400951625,Dolphins,-1
2105,2017,16,400951625,Chiefs,2
2106,2017,16,400951621,Lions,2
2107,2017,16,400951621,Bengals,-3
2108,2017,16,400951617,Browns,-14
2109,2017,16,400951617,Bears,-1
2110,2017,16,400951613,Panthers,2
2111,2017,16,400951613,Buccaneers,-4
2112,2017,16,400951602,Vikings,1
2113,2017,16,400951602,Packers,-1
2114,2017,16,400951596,Ravens,1
2115,2017,16,400951596,Colts,-5
2116,2017,15,400951816,Falcons,1
2117,2017,15,400951816,Buccaneers,-3
2118,2017,15,400951814,Raiders,-1
2119,2017,15,400951814,Cowboys,2
2120,2017,15,400951813,Titans,-1
2121,2017,15,400951813,49ers,2
2122,2017,15,400951812,Steelers,8
2123,2017,15,400951812,Patriots,-1
2124,2017,15,400951811,Seahawks,-1
2125,2017,15,400951811,Rams,-1
2126,2017,15,400951809,Redskins,-2
2127,2017,15,400951809,Cardinals,1
2128,2017,15,400951808,Giants,-3
2129,2017,15,400951808,Eagles,1
2130,2017,15,400951806,Saints,-1
2131,2017,15,400951806,Jets,-1
2132,2017,15,400951784,Vikings,-1
2133,2017,15,400951784,Bengals,-2
2134,2017,15,400951781,Texans,-3
2135,2017,15,400951781,Jaguars,2
2136,2017,15,400951778,Ravens,-1
2137,2017,15,400951778,Browns,-13
2138,2017,15,400951777,Panthers,1
2139,2017,15,400951777,Packers,2
2140,2017,15,400951774,Dolphins,2
2141,2017,15,400951774,Bills,1
2142,2017,15,400951772,Chiefs,1
2143,2017,15,400951772,Chargers,4
2144,2017,15,400951768,Lions,1
2145,2017,15,400951768,Bears,1
2146,2017,15,400951705,Colts,-4
2147,2017,15,400951705,Broncos,1
2148,2017,14,400951696,Patriots,8
2149,2017,14,400951696,Dolphins,1
2150,2017,14,400951694,Steelers,7
2151,2017,14,400951694,Ravens,3
2152,2017,14,400951692,Giants,-2
2153,2017,14,400951692,Cowboys,1
2154,2017,14,400951689,Rams,2
2155,2017,14,400951689,Eagles,-1
2156,2017,14,400951687,Redskins,-1
2157,2017,14,400951687,Chargers,3
2158,2017,14,400951665,Jets,1
2159,2017,14,400951665,Broncos,-8
2160,2017,14,400951662,Titans,2
2161,2017,14,400951662,Cardinals,-1
2162,2017,14,400951660,Lions,-2
2163,2017,14,400951660,Buccaneers,-2
2164,2017,14,400951654,Raiders,2
2165,2017,14,400951654,Chiefs,-4
2166,2017,14,400951652,Seahawks,2
2167,2017,14,400951652,Jaguars,1
2168,2017,14,400951649,Texans,-2
2169,2017,14,400951649,49ers,1
2170,2017,14,400951647,Packers,1
2171,2017,14,400951647,Browns,-12
2172,2017,14,400951564,Bengals,-1
2173,2017,14,400951564,Bears,-5
2174,2017,14,400951561,Vikings,8
2175,2017,14,400951561,Panthers,-1
2176,2017,14,400951560,Colts,-3
2177,2017,14,400951560,Bills,-1
2178,2017,14,400951557,Saints,1
2179,2017,14,400951557,Falcons,-1
2180,2017,13,400951754,Steelers,6
2181,2017,13,400951754,Bengals,2
2182,2017,13,400951746,Seahawks,1
2183,2017,13,400951746,Eagles,9
2184,2017,13,400951740,Raiders,1
2185,2017,13,400951740,Giants,-1
2186,2017,13,400951733,Rams,1
2187,2017,13,400951733,Cardinals,1
2188,2017,13,400951731,Chargers,2
2189,2017,13,400951731,Browns,-11
2190,2017,13,400951728,Titans,1
2191,2017,13,400951728,Texans,-1
2192,2017,13,400951726,Jets,-2
2193,2017,13,400951726,Chiefs,-3
2194,2017,13,400951722,Saints,-1
2195,2017,13,400951722,Panthers,4
2196,2017,13,400951718,Dolphins,-5
2197,2017,13,400951718,Broncos,-7
2198,2017,13,400951713,Jaguars,-1
2199,2017,13,400951713,Colts,-2
2200,2017,13,400951710,Packers,-2
2201,2017,13,400951710,Buccaneers,-1
2202,2017,13,400951707,Bears,-4
2203,2017,13,400951707,49ers,-1
2204,2017,13,400951684,Patriots,7
2205,2017,13,400951684,Bills,1
2206,2017,13,400951680,Ravens,2
2207,2017,13,400951680,Lions,-1
2208,2017,13,400951677,Vikings,7
2209,2017,13,400951677,Falcons,3
2210,2017,13,400951672,Redskins,1
2211,2017,13,400951672,Cowboys,-3
2212,2017,12,400951640,Texans,1
2213,2017,12,400951640,Ravens,1
2214,2017,12,400951633,Steelers,5
2215,2017,12,400951633,Packers,-1
2216,2017,12,400951629,Raiders,-1
2217,2017,12,400951629,Broncos,-6
2218,2017,12,400951622,Jaguars,4
2219,2017,12,400951622,Cardinals,-2
2220,2017,12,400951618,Seahawks,-1
2221,2017,12,400951618,49ers,1
2222,2017,12,400951614,Saints,8
2223,2017,12,400951614,Rams,-1
2224,2017,12,400951610,Eagles,8
2225,2017,12,400951610,Bears,-3
2226,2017,12,400951606,Panthers,3
2227,2017,12,400951606,Jets,-1
2228,2017,12,400951600,Patriots,6
2229,2017,12,400951600,Dolphins,-4
2230,2017,12,400951595,Chiefs,-2
2231,2017,12,400951595,Bills,-3
2232,2017,12,400951591,Titans,-1
2233,2017,12,400951591,Colts,-1
2234,2017,12,400951588,Browns,-10
2235,2017,12,400951588,Bengals,1
2236,2017,12,400951586,Falcons,2
2237,2017,12,400951586,Buccaneers,2
2238,2017,12,400951577,Redskins,-2
2239,2017,12,400951577,Giants,1
2240,2017,12,400951573,Cowboys,-2
2241,2017,12,400951573,Chargers,1
2242,2017,12,400951569,Vikings,6
2243,2017,12,400951569,Lions,3
2244,2017,11,400981391,Dolphins,-3
2245,2017,11,400981391,Buccaneers,1
2246,2017,11,400951818,Seahawks,1
2247,2017,11,400951818,Falcons,1
2248,2017,11,400951817,Eagles,7
2249,2017,11,400951817,Cowboys,-1
2250,2017,11,400951815,Raiders,1
2251,2017,11,400951815,Patriots,5
2252,2017,11,400951810,Broncos,-5
2253,2017,11,400951810,Bengals,-2
2254,2017,11,400951807,Chargers,-2
2255,2017,11,400951807,Bills,-2
2256,2017,11,400951783,Giants,-3
2257,2017,11,400951783,Chiefs,-1
2258,2017,11,400951780,Saints,7
2259,2017,11,400951780,Redskins,-1
2260,2017,11,400951775,Vikings,5
2261,2017,11,400951775,Rams,4
2262,2017,11,400951771,Texans,-3
2263,2017,11,400951771,Cardinals,-1
2264,2017,11,400951769,Jaguars,3
2265,2017,11,400951769,Browns,-9
2266,2017,11,400951703,Ravens,-1
2267,2017,11,400951703,Packers,1
2268,2017,11,400951701,Lions,2
2269,2017,11,400951701,Bears,-2
2270,2017,11,400951698,Titans,4
2271,2017,11,400951698,Steelers,4
2272,2017,10,400951693,Panthers,2
2273,2017,10,400951693,Dolphins,-2
2274,2017,10,400951690,Patriots,4
2275,2017,10,400951690,Broncos,-4
2276,2017,10,400951688,Giants,-2
2277,2017,10,400951688,49ers,-9
2278,2017,10,400951686,Falcons,-1
2279,2017,10,400951686,Cowboys,3
2280,2017,10,400951663,Texans,-2
2281,2017,10,400951663,Rams,3
2282,2017,10,400951658,Vikings,4
2283,2017,10,400951658,Redskins,1
2284,2017,10,400951656,Titans,3
2285,2017,10,400951656,Bengals,-1
2286,2017,10,400951653,Jets,1
2287,2017,10,400951653,Buccaneers,-5
2288,2017,10,400951648,Jaguars,2
2289,2017,10,400951648,Chargers,-1
2290,2017,10,400951565,Steelers,3
2291,2017,10,400951565,Colts,1
2292,2017,10,400951563,Lions,1
2293,2017,10,400951563,Browns,-8
2294,2017,10,400951559,Packers,-3
2295,2017,10,400951559,Bears,-1
2296,2017,10,400951555,Saints,6
2297,2017,10,400951555,Bills,-1
2298,2017,10,400951553,Seahawks,-1
2299,2017,10,400951553,Cardinals,1
2300,2017,9,400951790,Packers,-2
2301,2017,9,400951790,Lions,-3
2302,2017,9,400951787,Raiders,-1
2303,2017,9,400951787,Dolphins,-1
2304,2017,9,400951786,Cowboys,2
2305,2017,9,400951786,Chiefs,1
2306,2017,9,400951765,Seahawks,4
2307,2017,9,400951765,Redskins,-2
2308,2017,9,400951763,Cardinals,-1
2309,2017,9,400951763,49ers,-8
2310,2017,9,400951761,Titans,2
2311,2017,9,400951761,Ravens,1
2312,2017,9,400951760,Eagles,6
2313,2017,9,400951760,Broncos,-3
2314,2017,9,400951758,Rams,2
2315,2017,9,400951758,Giants,-1
2316,2017,9,400951755,Saints,5
2317,2017,9,400951755,Buccaneers,-4
2318,2017,9,400951753,Jaguars,1
2319,2017,9,400951753,Bengals,1
2320,2017,9,400951751,Texans,-1
2321,2017,9,400951751,Colts,-3
2322,2017,9,400951749,Panthers,1
2323,2017,9,400951749,Falcons,1
2324,2017,9,400951743,Jets,-3
2325,2017,9,400951743,Bills,2
2326,2017,8,400951737,Chiefs,-2
2327,2017,8,400951737,Broncos,-2
2328,2017,8,400951736,Steelers,2
2329,2017,8,400951736,Lions,-2
2330,2017,8,400951732,Redskins,-1
2331,2017,8,400951732,Cowboys,1
2332,2017,8,400951729,Texans,1
2333,2017,8,400951729,Seahawks,3
2334,2017,8,400951725,Panthers,-2
2335,2017,8,400951725,Buccaneers,-3
2336,2017,8,400951723,Eagles,5
2337,2017,8,400951723,49ers,-7
2338,2017,8,400951721,Jets,-2
2339,2017,8,400951721,Falcons,-3
2340,2017,8,400951717,Saints,4
2341,2017,8,400951717,Bears,2
2342,2017,8,400951715,Patriots,3
2343,2017,8,400951715,Chargers,3
2344,2017,8,400951711,Colts,-2
2345,2017,8,400951711,Bengals,-1
2346,2017,8,400951706,Raiders,1
2347,2017,8,400951706,Bills,1
2348,2017,8,400951683,Vikings,3
2349,2017,8,400951683,Browns,-7
2350,2017,8,400951670,Ravens,-2
2351,2017,8,400951670,Dolphins,3
2352,2017,7,400951641,Redskins,1
2353,2017,7,400951641,Eagles,4
2354,2017,7,400951638,Patriots,2
2355,2017,7,400951638,Falcons,-2
2356,2017,7,400951628,Seahawks,2
2357,2017,7,400951628,Giants,1
2358,2017,7,400951624,Chargers,2
2359,2017,7,400951624,Broncos,-1
2360,2017,7,400951619,Cowboys,-2
2361,2017,7,400951619,49ers,-6
2362,2017,7,400951609,Steelers,1
2363,2017,7,400951609,Bengals,2
2364,2017,7,400951603,Vikings,2
2365,2017,7,400951603,Ravens,-1
2366,2017,7,400951598,Jets,-1
2367,2017,7,400951598,Dolphins,2
2368,2017,7,400951593,Rams,1
2369,2017,7,400951593,Cardinals,1
2370,2017,7,400951589,Jaguars,-1
2371,2017,7,400951589,Colts,-1
2372,2017,7,400951585,Saints,3
2373,2017,7,400951585,Packers,-1
2374,2017,7,400951582,Titans,1
2375,2017,7,400951582,Browns,-6
2376,2017,7,400951578,Panthers,-1
2377,2017,7,400951578,Bears,1
2378,2017,7,400951575,Buccaneers,-2
2379,2017,7,400951575,Bills,-1
2380,2017,7,400951571,Raiders,-4
2381,2017,7,400951571,Chiefs,-1
2382,2017,6,400951785,Titans,-2
2383,2017,6,400951785,Colts,1
2384,2017,6,400951782,Giants,-5
2385,2017,6,400951782,Broncos,1
2386,2017,6,400951779,Raiders,-3
2387,2017,6,400951779,Chargers,1
2388,2017,6,400951776,Steelers,-1
2389,2017,6,400951776,Chiefs,5
2390,2017,6,400951773,Rams,-1
2391,2017,6,400951773,Jaguars,1
2392,2017,6,400951770,Cardinals,-1
2393,2017,6,400951770,Buccaneers,-1
2394,2017,6,400951767,Redskins,-1
2395,2017,6,400951767,49ers,-5
2396,2017,6,400951766,Patriots,1
2397,2017,6,400951766,Jets,3
2398,2017,6,400951704,Saints,2
2399,2017,6,400951704,Lions,-1
2400,2017,6,400951702,Vikings,1
2401,2017,6,400951702,Packers,3
2402,2017,6,400951700,Texans,-1
2403,2017,6,400951700,Browns,-5
2404,2017,6,400951699,Ravens,1
2405,2017,6,400951699,Bears,-2
2406,2017,6,400951697,Falcons,-1
2407,2017,6,400951697,Dolphins,1
2408,2017,6,400951695,Panthers,2
2409,2017,6,400951695,Eagles,3
2410,2017,5,400951691,Vikings,-1
2411,2017,5,400951691,Bears,-1
2412,2017,5,400951664,Texans,1
2413,2017,5,400951664,Chiefs,4
2414,2017,5,400951661,Packers,2
2415,2017,5,400951661,Cowboys,-1
2416,2017,5,400951659,Ravens,-2
2417,2017,5,400951659,Raiders,-2
2418,2017,5,400951657,Seahawks,1
2419,2017,5,400951657,Rams,2
2420,2017,5,400951655,Steelers,1
2421,2017,5,400951655,Jaguars,-1
2422,2017,5,400951651,Eagles,2
2423,2017,5,400951651,Cardinals,1
2424,2017,5,400951650,Giants,-4
2425,2017,5,400951650,Chargers,-3
2426,2017,5,400951646,Titans,-1
2427,2017,5,400951646,Dolphins,-2
2428,2017,5,400951562,Colts,-1
2429,2017,5,400951562,49ers,-4
2430,2017,5,400951558,Panthers,1
2431,2017,5,400951558,Lions,1
2432,2017,5,400951556,Jets,2
2433,2017,5,400951556,Browns,-4
2434,2017,5,400951554,Bills,2
2435,2017,5,400951554,Bengals,1
2436,2017,5,400951552,Patriots,-1
2437,2017,5,400951552,Buccaneers,1
2438,2017,4,400951752,Redskins,2
2439,2017,4,400951752,Chiefs,3
2440,2017,4,400951747,Seahawks,-1
2441,2017,4,400951747,Colts,1
2442,2017,4,400951744,Raiders,-1
2443,2017,4,400951744,Broncos,-1
2444,2017,4,400951742,Giants,-3
2445,2017,4,400951742,Buccaneers,-1
2446,2017,4,400951738,Eagles,1
2447,2017,4,400951738,Chargers,-2
2448,2017,4,400951735,Cardinals,-1
2449,2017,4,400951735,49ers,-3
2450,2017,4,400951730,Jets,1
2451,2017,4,400951730,Jaguars,1
2452,2017,4,400951727,Patriots,2
2453,2017,4,400951727,Panthers,-1
2454,2017,4,400951724,Vikings,1
2455,2017,4,400951724,Lions,-1
2456,2017,4,400951720,Titans,2
2457,2017,4,400951720,Texans,-1
2458,2017,4,400951716,Rams,1
2459,2017,4,400951716,Cowboys,1
2460,2017,4,400951712,Browns,-3
2461,2017,4,400951712,Bengals,-3
2462,2017,4,400951708,Steelers,-1
2463,2017,4,400951708,Ravens,-1
2464,2017,4,400951685,Falcons,3
2465,2017,4,400951685,Bills,1
2466,2017,4,400951678,Packers,1
2467,2017,4,400951678,Bears,1
2468,2017,4,400950241,Saints,1
2469,2017,4,400950241,Dolphins,-1
2470,2017,3,400951668,Cowboys,-1
2471,2017,3,400951668,Cardinals,1
2472,2017,3,400951644,Redskins,1
2473,2017,3,400951644,Raiders,2
2474,2017,3,400951634,Chiefs,2
2475,2017,3,400951634,Chargers,-1
2476,2017,3,400951627,Packers,-1
2477,2017,3,400951627,Bengals,-2
2478,2017,3,400951623,Titans,1
2479,2017,3,400951623,Seahawks,1
2480,2017,3,400951616,Giants,-2
2481,2017,3,400951616,Eagles,-1
2482,2017,3,400951611,Jets,-2
2483,2017,3,400951611,Dolphins,1
2484,2017,3,400951607,Texans,1
2485,2017,3,400951607,Patriots,1
2486,2017,3,400951604,Vikings,-1
2487,2017,3,400951604,Buccaneers,1
2488,2017,3,400951599,Colts,-2
2489,2017,3,400951599,Browns,-2
2490,2017,3,400951594,Lions,2
2491,2017,3,400951594,Falcons,2
2492,2017,3,400951590,Steelers,2
2493,2017,3,400951590,Bears,-2
2494,2017,3,400951587,Saints,-1
2495,2017,3,400951587,Panthers,2
2496,2017,3,400951583,Broncos,1
2497,2017,3,400951583,Bills,-1
2498,2017,3,400951579,Ravens,2
2499,2017,3,400951579,Jaguars,-1
2500,2017,3,400951568,Rams,-1
2501,2017,3,400951568,49ers,-2
2502,2017,2,400951681,Lions,1
2503,2017,2,400951681,Giants,-1
2504,2017,2,400951679,Packers,1
2505,2017,2,400951679,Falcons,1
2506,2017,2,400951676,Seahawks,-1
2507,2017,2,400951676,49ers,-1
2508,2017,2,400951674,Redskins,-1
2509,2017,2,400951674,Rams,1
2510,2017,2,400951673,Cowboys,1
2511,2017,2,400951673,Broncos,1
2512,2017,2,400951669,Raiders,1
2513,2017,2,400951669,Jets,-1
2514,2017,2,400951666,Dolphins,1
2515,2017,2,400951666,Chargers,2
2516,2017,2,400951645,Buccaneers,-16
2517,2017,2,400951645,Bears,-1
2518,2017,2,400951643,Vikings,1
2519,2017,2,400951643,Steelers,1
2520,2017,2,400951639,Saints,-1
2521,2017,2,400951639,Patriots,-1
2522,2017,2,400951636,Eagles,1
2523,2017,2,400951636,Chiefs,1
2524,2017,2,400951635,Titans,-1
2525,2017,2,400951635,Jaguars,1
2526,2017,2,400951632,Colts,-1
2527,2017,2,400951632,Cardinals,-1
2528,2017,2,400951630,Panthers,1
2529,2017,2,400951630,Bills,1
2530,2017,2,400951626,Ravens,1
2531,2017,2,400951626,Browns,-1
2532,2017,2,400951620,Texans,-1
2533,2017,2,400951620,Bengals,-1
2534,2017,1,400951608,Giants,0
2535,2017,1,400951608,Cowboys,0
2536,2017,1,400951605,Panthers,0
2537,2017,1,400951605,49ers,0
2538,2017,1,400951601,Seahawks,0
2539,2017,1,400951601,Packers,0
2540,2017,1,400951597,Rams,0
2541,2017,1,400951597,Colts,0
2542,2017,1,400951592,Redskins,0
2543,2017,1,400951592,Eagles,0
2544,2017,1,400951584,Titans,0
2545,2017,1,400951584,Raiders,0
2546,2017,1,400951580,Texans,0
2547,2017,1,400951580,Jaguars,0
2548,2017,1,400951576,Lions,0
2549,2017,1,400951576,Cardinals,0
2550,2017,1,400951574,Steelers,0
2551,2017,1,400951574,Browns,0
2552,2017,1,400951572,Ravens,0
2553,2017,1,400951572,Bengals,0
2554,2017,1,400951570,Falcons,0
2555,2017,1,400951570,Bears,0
2556,2017,1,400951567,Jets,0
2557,2017,1,400951567,Bills,0
2558,2017,1,400951566,Patriots,0
2559,2017,1,400951566,Chiefs,0
